{"type":"FeatureCollection","features":[{"type":"Feature","properties":{"cut":9101,"comuna":"TEMUCO"},"geometry":{"type":"Polygon","coordinates":[[[-72.70833394499994,-38.54937223799993],[-72.71132031699995,-38.55293574499996],[-72.71250647999994,-38.56073944399992],[-72.71597699099993,-38.56543409299991],[-72.72962166699995,-38.56806039799994],[-72.73875413399992,-38.56658384199994],[-72.7417728389999,-38.56436499999995],[-72.74217578699995,-38.56586042199996],[-72.74440701799995,-38.566174857999954],[-72.7463048759999,-38.5701489999999],[-72.74813625999991,-38.57063028099992],[-72.7496683469999,-38.574128783999925],[-72.75240661999993,-38.57373540599991],[-72.75428875099993,-38.57503301299994],[-72.75476419199993,-38.578655331999926],[-72.75643372399992,-38.58079580799995],[-72.7585896619999,-38.58067945199991],[-72.76243407599992,-38.583879674999935],[-72.76310415099994,-38.583095063999906],[-72.76124331499994,-38.58017611999992],[-72.76221954099992,-38.57995151599994],[-72.7659921419999,-38.58387559199991],[-72.76592949999991,-38.586937952999904],[-72.77181243599995,-38.585378712999955],[-72.76763023299992,-38.58873647099995],[-72.76145558099995,-38.59001960099994],[-72.75875457299992,-38.592702551999935],[-72.76136403099991,-38.597100058999956],[-72.76045155499992,-38.603714271999934],[-72.76304374599994,-38.608174481999924],[-72.7618892349999,-38.60966614799992],[-72.76259078299995,-38.61189613399995],[-72.76481678399995,-38.61369122399992],[-72.76980818099992,-38.6231663609999],[-72.76859132099992,-38.62770692399994],[-72.76907711299992,-38.632252931999915],[-72.75915864899991,-38.64165484799992],[-72.75635852599993,-38.653655245999914],[-72.76324123899991,-38.65324281799991],[-72.76245605899993,-38.66091909399995],[-72.76952857299995,-38.667167767999956],[-72.7717217249999,-38.67265184599995],[-72.77468369899992,-38.67512754699993],[-72.77809914199992,-38.6743995999999],[-72.7789658239999,-38.677038084999936],[-72.78152445299992,-38.67853733699991],[-72.78373172599993,-38.682043688999954],[-72.78878944399992,-38.683296964999954],[-72.78799720299992,-38.685541041999954],[-72.7917836929999,-38.69038369899994],[-72.79335344799995,-38.699803827999915],[-72.80019984799992,-38.70833216799991],[-72.80843928399992,-38.71025484199993],[-72.8115743859999,-38.713324164999904],[-72.81617230699993,-38.71400914199995],[-72.81385296899992,-38.71764772599994],[-72.81319190999994,-38.724523768999916],[-72.81833375799994,-38.73632430899994],[-72.81631986899993,-38.73994077799995],[-72.81209533599991,-38.74196230599995],[-72.81720881799993,-38.75345577999991],[-72.8234596559999,-38.77601282199993],[-72.81957409699993,-38.77600103599991],[-72.8123295929999,-38.78232427499995],[-72.8058272049999,-38.77935469199991],[-72.7903380429999,-38.78191796699991],[-72.78648969599993,-38.77831039999995],[-72.77000617899995,-38.77959245799991],[-72.76174826199991,-38.776543654999955],[-72.75463948599992,-38.77572829899992],[-72.74905578999994,-38.77731705699995],[-72.7322770209999,-38.774122777999935],[-72.72556303499994,-38.77578605699995],[-72.71769405399994,-38.7666095429999],[-72.7084865999999,-38.767150038999944],[-72.70018340299993,-38.76495623899996],[-72.68864182999994,-38.766138603999934],[-72.68183062399993,-38.774257733999946],[-72.6712817529999,-38.76821484399994],[-72.66885103299995,-38.76204390699991],[-72.66531504199992,-38.75892058399995],[-72.65854524699995,-38.75965477199992],[-72.65300857799991,-38.76378792999992],[-72.6461485769999,-38.76533540199995],[-72.6395303459999,-38.762643100999924],[-72.6316605799999,-38.7617287729999],[-72.62029520199991,-38.76283246599991],[-72.6119478409999,-38.75799079099994],[-72.60724160699993,-38.7580393959999],[-72.60066420999993,-38.755791905999956],[-72.59220712199993,-38.75080167699991],[-72.5866973329999,-38.74904705699993],[-72.58068689699991,-38.74883048999993],[-72.56841974899993,-38.73974209699992],[-72.5503931209999,-38.732209972999954],[-72.54955228499995,-38.7215682179999],[-72.54123572299994,-38.71712041399991],[-72.53811742599993,-38.708532084999945],[-72.52599768199991,-38.703225371999906],[-72.52316097699992,-38.70006829399995],[-72.51621697899992,-38.69623356499994],[-72.51084557199994,-38.68814889399994],[-72.51067238099995,-38.68436645799994],[-72.51368993499995,-38.68426321299995],[-72.51423634699995,-38.682948203999956],[-72.51275973999992,-38.68092189999993],[-72.52024971499992,-38.67947130399995],[-72.51356672899993,-38.674837590999914],[-72.48542972299992,-38.66333613499995],[-72.46949379299991,-38.645106814999906],[-72.5080315109999,-38.634881339999936],[-72.51535952099994,-38.64078743899995],[-72.51885759699991,-38.64855178499994],[-72.52185881699995,-38.64941733099994],[-72.52454424299992,-38.64587921899994],[-72.5233756209999,-38.6421153039999],[-72.52646040999991,-38.64031552799992],[-72.52863672299992,-38.63532042399993],[-72.53267200099992,-38.632337718999906],[-72.53436559599993,-38.632819441999914],[-72.53524050899995,-38.635320160999925],[-72.53975106699994,-38.639235425999914],[-72.54816286599993,-38.64290803299991],[-72.5619868469999,-38.64010214099994],[-72.56472592199992,-38.63773099899993],[-72.56765556899995,-38.637999212999944],[-72.57952590799994,-38.6269513389999],[-72.5783033159999,-38.624691510999924],[-72.5785068799999,-38.620775401999936],[-72.58555688099995,-38.61663416199991],[-72.5896674839999,-38.61226382199993],[-72.58624562099993,-38.60031733299991],[-72.58707349699995,-38.59603725399995],[-72.59123831499994,-38.592102387999944],[-72.5894457359999,-38.58817685699995],[-72.58955467699991,-38.581390137999904],[-72.60425659899994,-38.578908757999955],[-72.60804908499995,-38.5752263249999],[-72.61564985899992,-38.57155541499992],[-72.61955509599994,-38.564311526999916],[-72.6308087829999,-38.554487844999926],[-72.63945001299993,-38.551659998999924],[-72.66020192199994,-38.552819031999945],[-72.66316404499992,-38.55003767199992],[-72.67340662299995,-38.552264608999906],[-72.6771529099999,-38.55108659699994],[-72.68124581699993,-38.55226253799992],[-72.6858763269999,-38.550074578999954],[-72.68982508399995,-38.55154471299994],[-72.69918402699994,-38.54962518299993],[-72.70564272099995,-38.55087841599993],[-72.70833394499994,-38.54937223799993]]]}},{"type":"Feature","properties":{"cut":9103,"comuna":"CUNCO"},"geometry":{"type":"Polygon","coordinates":[[[-71.76889971899993,-38.725187794999954],[-71.7811560749999,-38.72807115499995],[-71.78847043499991,-38.73431672799995],[-71.79421000099995,-38.736269999999934],[-71.79453408099994,-38.73949365099992],[-71.79844000199995,-38.74216999999993],[-71.79989257199992,-38.745016783999915],[-71.80797000199993,-38.750039999999956],[-71.80965443699995,-38.75293460499995],[-71.81005166799991,-38.758607938999944],[-71.8145018269999,-38.76086081299991],[-71.82621677899994,-38.77256002099995],[-71.82848910799993,-38.77617793899992],[-71.82782485199994,-38.778841593999914],[-71.82889075899993,-38.779997641999955],[-71.84597476999994,-38.77613091999996],[-71.85813541599993,-38.77834683099991],[-71.87137925399992,-38.777778894999926],[-71.87333172199993,-38.77897546299994],[-71.87721000199991,-38.78528999999992],[-71.88345837399993,-38.78285065999995],[-71.88906970399995,-38.78540327799993],[-71.89244000199994,-38.78946999999994],[-71.8864330259999,-38.79458928199995],[-71.88465587499991,-38.79856206799991],[-71.88457000199992,-38.80461999999994],[-71.88071333499994,-38.80683263699996],[-71.88117096499991,-38.81090532099995],[-71.87794427699993,-38.81418215499991],[-71.87774423499991,-38.816860532999954],[-71.88002997299992,-38.822369944999934],[-71.88675324099995,-38.818549644999905],[-71.89271896699995,-38.81706001099991],[-71.89621600299995,-38.813602955999954],[-71.9034410399999,-38.81355675799995],[-71.91491881299993,-38.81102741099994],[-71.91632958999992,-38.80806925399992],[-71.92445228199995,-38.80627007299995],[-71.93052623699992,-38.80156516099993],[-71.94953299699995,-38.796712089999914],[-71.95239833699992,-38.79763376299991],[-71.96852310299994,-38.79713017899991],[-71.9906296119999,-38.80449038699993],[-71.99915336599992,-38.80667826999991],[-72.00478198299993,-38.80666516699995],[-72.00747615099993,-38.80852254799993],[-72.0115163289999,-38.80660803099994],[-72.01808042699992,-38.8069921039999],[-72.02503789499991,-38.80926871899993],[-72.02628585899993,-38.811133852999944],[-72.03049683099994,-38.81133564299995],[-72.0346545779999,-38.81538729099992],[-72.03826375699992,-38.81578973199993],[-72.03911845099992,-38.81758619499993],[-72.0437176829999,-38.819477546999906],[-72.04476767599994,-38.82134197999994],[-72.04746407099992,-38.821338142999934],[-72.0487288569999,-38.82318094699991],[-72.0542559779999,-38.82437011799993],[-72.05787078599991,-38.82723607899993],[-72.0620111369999,-38.8262232429999],[-72.06312040499995,-38.82739531099992],[-72.0693595489999,-38.827227800999935],[-72.07114773599994,-38.82931324099991],[-72.0808132599999,-38.82670399199992],[-72.08688270099992,-38.82731654799994],[-72.0861979689999,-38.82471373599992],[-72.0908450419999,-38.822420414999954],[-72.09345225699991,-38.82297404199994],[-72.09389971199994,-38.82080083599993],[-72.09865755399994,-38.8227562429999],[-72.10103954099992,-38.82138923899993],[-72.10161615299995,-38.823440827999946],[-72.10938419799993,-38.824340374999906],[-72.11102332599995,-38.82298228499991],[-72.1274212479999,-38.82278536699994],[-72.12995969399992,-38.82203934599994],[-72.13042071099994,-38.820648209999945],[-72.13635509199992,-38.820936273999905],[-72.13590365899995,-38.81967075499995],[-72.1372134369999,-38.81828333099992],[-72.14329707299993,-38.815077053999914],[-72.1493115259999,-38.815658673999906],[-72.15174469699991,-38.81212552199992],[-72.15622776999993,-38.809126206999906],[-72.16380549799993,-38.80813959599993],[-72.1646890209999,-38.80579624199993],[-72.1669774579999,-38.80470947799995],[-72.17440653699992,-38.80444545599994],[-72.17661413899992,-38.80592113199992],[-72.17881127299995,-38.803480271999945],[-72.17920758199995,-38.80533800199993],[-72.18243747299994,-38.80509484499993],[-72.18578006299992,-38.808353767999904],[-72.19190950299992,-38.808345413999916],[-72.19448106699991,-38.80552151599994],[-72.19953095499994,-38.80873537499991],[-72.20516328899993,-38.809642065999924],[-72.2122892459999,-38.80816949299992],[-72.21684042299995,-38.80905723099994],[-72.21913285399995,-38.807260812999914],[-72.22235862999992,-38.80936079599991],[-72.22673240899991,-38.807792063999955],[-72.22665069399994,-38.810440000999904],[-72.22811787199993,-38.809817912999904],[-72.22801429399993,-38.81140398799994],[-72.23311960399991,-38.814925571999936],[-72.24178463899995,-38.81431286499992],[-72.23760237099992,-38.815840178999906],[-72.23898875599991,-38.81793193199991],[-72.2407422629999,-38.81825473099991],[-72.24140476799994,-38.82042220499994],[-72.24914046399994,-38.821069320999925],[-72.24719648099995,-38.822782085999904],[-72.24777889199993,-38.82558166799993],[-72.25235780399993,-38.82381013499992],[-72.25225845199992,-38.82493802899995],[-72.25630027799991,-38.82721572499992],[-72.25582032199992,-38.82843115899993],[-72.25957272099993,-38.82821039999993],[-72.26359277699993,-38.83252807999992],[-72.26676177399992,-38.82875920299995],[-72.26932043099993,-38.82880043499995],[-72.2701566099999,-38.83100505899995],[-72.27179435799991,-38.83149414299993],[-72.27264891899995,-38.831048720999945],[-72.2719541319999,-38.82948226399992],[-72.27470581999995,-38.82913789999992],[-72.27459663699995,-38.830858271999944],[-72.27703696599991,-38.82966233299993],[-72.27895784399993,-38.83038302399996],[-72.27958565699993,-38.832273727999905],[-72.28367044499993,-38.832687524999926],[-72.28239292599994,-38.83422546799994],[-72.28789947299992,-38.833284428999946],[-72.28772492799993,-38.83539179499991],[-72.2926664869999,-38.83478623199994],[-72.29326037999994,-38.83701449599994],[-72.29230876499992,-38.83849563199993],[-72.29525113499994,-38.84136391399994],[-72.29998015399991,-38.83937216499993],[-72.30234534099992,-38.84145701299991],[-72.30601957199991,-38.842190848999905],[-72.3124012479999,-38.840811764999955],[-72.31505284399992,-38.841422777999924],[-72.3195910579999,-38.8468031189999],[-72.32167331799991,-38.85167619199996],[-72.3265880589999,-38.85002841799991],[-72.32705492899993,-38.851275003999945],[-72.32300868999994,-38.852947584999924],[-72.32680103199993,-38.85505407599993],[-72.32911928399994,-38.853904480999915],[-72.33198767399995,-38.85495944899992],[-72.33527215799995,-38.853500511999925],[-72.33456442699992,-38.849683461999916],[-72.34414192999992,-38.85044586499993],[-72.34350070399995,-38.85612761099992],[-72.33743796099992,-38.85949865899994],[-72.33755016099991,-38.86185719899993],[-72.3386527799999,-38.862359849999905],[-72.33748296999994,-38.86365756299995],[-72.3294196139999,-38.86443734599993],[-72.32893293299992,-38.865836189999925],[-72.32520350599992,-38.866346397999905],[-72.32954871699991,-38.87813027199991],[-72.32270130299992,-38.87971232099994],[-72.34786368099992,-38.94472238499992],[-72.32593344499992,-38.94973073999995],[-72.34078352299991,-38.988108636999925],[-72.35079181099991,-38.98565376799991],[-72.35886273199992,-39.00563827099995],[-72.3480597919999,-39.009993591999944],[-72.34191451599992,-39.00917188299991],[-72.33796562099991,-39.017710665999914],[-72.32866537799993,-39.02025287899994],[-72.31590368099995,-39.028443859999925],[-72.31636785199993,-39.03025099899992],[-72.3110839929999,-39.03164705899991],[-72.30870071699991,-39.03073397899993],[-72.3001904059999,-39.03138626799995],[-72.3106919889999,-39.06148503299994],[-72.31884881499991,-39.059561636999945],[-72.31834676199992,-39.061086874999944],[-72.31664008899992,-39.06314673599991],[-72.31500941899992,-39.06245600999995],[-72.3141554149999,-39.06370212399992],[-72.31301437199994,-39.062346962999925],[-72.3104872259999,-39.06457249899995],[-72.3089337909999,-39.06880699399994],[-72.30988974499991,-39.06938763499994],[-72.3117374819999,-39.06775006099991],[-72.31194706799994,-39.07069639699995],[-72.30709031499993,-39.07221042099991],[-72.30563530799992,-39.07082991499993],[-72.30291693099991,-39.07206885599993],[-72.30215934899991,-39.07433964899991],[-72.29801076299992,-39.07541922199994],[-72.29161514799995,-39.08239698299991],[-72.28621456199994,-39.082969533999915],[-72.2780472789999,-39.089711543999954],[-72.27729397999991,-39.092576858999905],[-72.27226355899995,-39.09628806299992],[-72.27197817899992,-39.106011200999944],[-72.27081654799991,-39.1078533779999],[-72.26792366299992,-39.10816845599993],[-72.26675555599991,-39.11124017699996],[-72.26440434199992,-39.11111291499992],[-72.25986710699993,-39.10765941299991],[-72.25189601399995,-39.10796714799994],[-72.24663388699992,-39.10501856099995],[-72.24571269699993,-39.1027490269999],[-72.2428925719999,-39.1029615999999],[-72.24173959799992,-39.099875736999934],[-72.23332522399994,-39.10056360599992],[-72.22862115099991,-39.10273867399991],[-72.22416761099993,-39.100587290999954],[-72.2227048979999,-39.09833342899992],[-72.21532006899992,-39.096585073999904],[-72.20686982799992,-39.09723413799992],[-72.19569065499991,-39.102938528999914],[-72.18418184899991,-39.10526000099992],[-72.16833610899994,-39.1024750279999],[-72.16546726699994,-39.10065302299995],[-72.15901633099992,-39.102040910999904],[-72.15574498099994,-39.09979444299995],[-72.14753014899992,-39.10358002299995],[-72.13863260199992,-39.10264110399993],[-72.1361656819999,-39.104296674999944],[-72.12963866699994,-39.10456395099993],[-72.12665338999994,-39.108440737999956],[-72.11993971999993,-39.10870285999994],[-72.11268126099992,-39.11173932399993],[-72.10948999599992,-39.11125477899992],[-72.10867202799994,-39.11393712499995],[-72.10217661299993,-39.115014422999934],[-72.09912499099994,-39.11806451699994],[-72.09432116399995,-39.11924654799992],[-72.09172934399993,-39.12249258899993],[-72.08800056199993,-39.122975984999925],[-72.08247559699993,-39.12706282999994],[-72.07307140499995,-39.12737792899992],[-72.06774470999994,-39.12436412999995],[-72.06266576199994,-39.12517622799993],[-72.05749669799991,-39.12796140499995],[-72.05612185799993,-39.131845451999936],[-72.04908288299993,-39.13644037899991],[-72.0451071249999,-39.14279967199991],[-72.01877461099991,-39.13638610699991],[-72.00734000199992,-39.13181999999995],[-72.00413748699992,-39.13322530699992],[-72.0029163179999,-39.13112021399991],[-71.9974666679999,-39.131057176999946],[-71.99033612599993,-39.12709399399995],[-71.98152938099992,-39.125847352999926],[-71.98011204199992,-39.125076047999926],[-71.97990206799994,-39.12140599799994],[-71.97765954199991,-39.120612158999904],[-71.96119910199991,-39.12018078099993],[-71.95100511499993,-39.132696290999945],[-71.9459004389999,-39.1340140879999],[-71.94129497199992,-39.13693131799994],[-71.93724023699991,-39.13725001599994],[-71.93412885099991,-39.140995570999905],[-71.93135163099993,-39.14207064499993],[-71.9262481369999,-39.14138319199992],[-71.91320850499994,-39.152447750999954],[-71.9105013269999,-39.15661539999991],[-71.91035734899992,-39.1698676499999],[-71.90933004699991,-39.17200570099993],[-71.90501544799992,-39.175000352999916],[-71.90020033699994,-39.18221697999991],[-71.8926926499999,-39.18583160499992],[-71.88989433299992,-39.1841302709999],[-71.88500383099995,-39.18450141699992],[-71.8715512899999,-39.18149883399991],[-71.8715125949999,-39.17383180299993],[-71.86847415999995,-39.170259133999934],[-71.86784146499991,-39.167446973999915],[-71.86906870999991,-39.16164203099993],[-71.8635219649999,-39.15725874399993],[-71.86208762299992,-39.15170057599994],[-71.8561628249999,-39.14733034599993],[-71.84927630499993,-39.14620069599994],[-71.84392046599993,-39.15013630199991],[-71.81807895199995,-39.15016416399993],[-71.81639422899991,-39.14856133399991],[-71.8156285789999,-39.14203024699992],[-71.81159110199991,-39.137532483999905],[-71.81453327199995,-39.12824431899992],[-71.80979875399993,-39.12604730499993],[-71.79538293999991,-39.128669249999916],[-71.74225995599994,-39.09959331099992],[-71.7309942039999,-39.108264066999936],[-71.7250709939999,-39.108570577999956],[-71.71513274699993,-39.11268664799991],[-71.6984090979999,-39.11281274899994],[-71.6854594369999,-39.11663363999992],[-71.6806272959999,-39.116234763999955],[-71.67267995199995,-39.123763879999956],[-71.66315999999995,-39.1269299999999],[-71.65384545499995,-39.122652143999915],[-71.64827951199993,-39.11580812199992],[-71.62448253899993,-39.11214358899991],[-71.61624371799991,-39.10825729299995],[-71.61608008499991,-39.106307716999936],[-71.6188200279999,-39.10531899699993],[-71.61955808399995,-39.101797243999954],[-71.62371449199992,-39.09933109599996],[-71.62661280099991,-39.0916333909999],[-71.62799408199993,-39.090886879999914],[-71.62734001399991,-39.088889742999925],[-71.62861676099993,-39.084880935999934],[-71.63257492699995,-39.08123724399991],[-71.63021325799991,-39.07902953799993],[-71.62338099499993,-39.07680036499994],[-71.61426465499994,-39.07896337699992],[-71.60782196699995,-39.077613888999906],[-71.60562740799992,-39.07849128599992],[-71.5950982299999,-39.077395761999924],[-71.59095856399995,-39.07609463199992],[-71.58997667499995,-39.07451201999993],[-71.57253132799991,-39.06980678499991],[-71.56614893199992,-39.06681734499995],[-71.55216712499993,-39.06581430099993],[-71.53961667699991,-39.06996064099991],[-71.53404998899993,-39.06733000599991],[-71.5355829799999,-39.06563482999991],[-71.5423979329999,-39.063617876999956],[-71.54167659599995,-39.05814454299991],[-71.54532418699995,-39.045851169999935],[-71.55090092899991,-39.04521555999992],[-71.55469601599992,-39.042498174999935],[-71.55351175499993,-39.03715378499993],[-71.56040224399993,-39.035746256999914],[-71.56143293499991,-39.03233211999992],[-71.5636503149999,-39.03016840399994],[-71.5621570479999,-39.02679679899995],[-71.55652282999995,-39.02258811799993],[-71.56023303699993,-39.01285563599993],[-71.56435910599993,-39.010132866999925],[-71.56390745199991,-39.00779981699992],[-71.56111334999991,-39.00552188599994],[-71.56103999899995,-39.00272999999993],[-71.58995729599991,-39.003802084999904],[-71.5977114989999,-39.00062889599991],[-71.60269999999991,-38.99547999999993],[-71.60909822399992,-38.99691283199991],[-71.61510464199995,-38.99479943699993],[-71.62926418799992,-38.99439425599991],[-71.64359936299991,-38.998435800999914],[-71.64589047299995,-39.001303211999925],[-71.65726645599995,-39.00812976099991],[-71.6611421259999,-39.00896239799994],[-71.6653935839999,-39.00738566299992],[-71.67180320099993,-39.00952282299994],[-71.68006397399995,-39.009209238999915],[-71.68161145199991,-39.01267984799995],[-71.68569979099993,-39.01370179299994],[-71.68857783599992,-39.010491318999925],[-71.69686000099995,-39.005469999999946],[-71.70249212499994,-38.99894912599996],[-71.71488452999995,-38.99177636499991],[-71.71123971999992,-38.98519952099991],[-71.7126083949999,-38.981346437999946],[-71.72242638499995,-38.97495775999994],[-71.72154000099994,-38.972929999999906],[-71.72239626099991,-38.969952417999934],[-71.72795566199994,-38.96548706699991],[-71.73026788099992,-38.95817088299992],[-71.73500145899993,-38.95354440099993],[-71.73464507299991,-38.948484083999915],[-71.74440418699993,-38.948220619999915],[-71.75346430899992,-38.9457304899999],[-71.7583367389999,-38.92940565899994],[-71.75891491599992,-38.91614550799994],[-71.76477673099993,-38.91132757699995],[-71.76602476099993,-38.907536843999935],[-71.76878196899992,-38.904834309999956],[-71.7920424479999,-38.89471063499991],[-71.79343901499993,-38.89305543499995],[-71.79310078399993,-38.89119038299992],[-71.79876410899993,-38.89131891799991],[-71.80692560299991,-38.88665342199994],[-71.80930567799993,-38.87474372999992],[-71.81479852799993,-38.876856295999914],[-71.81431894699995,-38.87819859699994],[-71.81659489599991,-38.87909954499992],[-71.8137625629999,-38.88081769099995],[-71.81543118499991,-38.88197993199992],[-71.81853176299995,-38.88102683199992],[-71.82195120299991,-38.882205452999926],[-71.82784209199991,-38.879350856999906],[-71.8262694089999,-38.88110486399995],[-71.82833550899994,-38.883369297999934],[-71.83429835699991,-38.883346538999945],[-71.83941253899991,-38.88168317399993],[-71.84107664599992,-38.883482029999925],[-71.84297664499991,-38.8821450179999],[-71.84528143499995,-38.8836229929999],[-71.85211635399992,-38.88305985199992],[-71.85632383299992,-38.885666117999904],[-71.84892172399992,-38.87545346199994],[-71.84230159399993,-38.87341780899993],[-71.82905722999993,-38.86377376299993],[-71.82875386199993,-38.85571181699993],[-71.8232936519999,-38.850113077999936],[-71.82314789299994,-38.847532645999934],[-71.81926021099991,-38.84143601099993],[-71.8133662059999,-38.83856361599993],[-71.81433951299994,-38.83556329699991],[-71.8118193329999,-38.83161176199991],[-71.8082517229999,-38.82931163899991],[-71.80779224799994,-38.82265071699993],[-71.80141042199995,-38.81565647299993],[-71.79447521599991,-38.79171500699994],[-71.79669199599994,-38.78607339599995],[-71.7954137669999,-38.78136733999992],[-71.79854104899994,-38.76806628999992],[-71.79404894299995,-38.76179012299991],[-71.79351912399994,-38.759185585999944],[-71.78424137099995,-38.75686295499992],[-71.78060734099995,-38.74356966399995],[-71.7738807149999,-38.737077977999945],[-71.76974976699995,-38.73534673699993],[-71.75864000099995,-38.72580999999991],[-71.76889971899993,-38.725187794999954]]]}},{"type":"Feature","properties":{"cut":9105,"comuna":"FREIRE"},"geometry":{"type":"Polygon","coordinates":[[[-72.63275655299992,-38.829248126999914],[-72.63326324099995,-38.827222384999914],[-72.63715049899992,-38.825513592999926],[-72.63861317299995,-38.827590303999955],[-72.63797306899994,-38.829312959999925],[-72.64056852899995,-38.83226552499991],[-72.64224927599992,-38.83219563799992],[-72.6445156879999,-38.8285995839999],[-72.64797719499995,-38.82872870099993],[-72.65301216699993,-38.832916850999936],[-72.6542186129999,-38.83689441899992],[-72.65733607499993,-38.83812891799994],[-72.67030394599993,-38.83074133899993],[-72.6747889209999,-38.83118676599992],[-72.67787350099991,-38.834749045999956],[-72.68488730999991,-38.837788435999926],[-72.69367561399991,-38.83479524299992],[-72.69819035799992,-38.831828464999944],[-72.70434532099995,-38.83166037299992],[-72.71080384499993,-38.83607430799992],[-72.71079461999994,-38.838581132999934],[-72.70743610499994,-38.84377852199992],[-72.71495637499993,-38.845885052999904],[-72.7217476539999,-38.842587170999934],[-72.72134099199991,-38.83806023499994],[-72.73279543599995,-38.83829965199993],[-72.73973804299993,-38.835770228999934],[-72.75579833499995,-38.83636210299994],[-72.76594530199992,-38.838327500999924],[-72.77282627599993,-38.84159312699995],[-72.77894292999991,-38.84142757099994],[-72.7875325899999,-38.83808038299992],[-72.79018222099995,-38.83306886399993],[-72.80381609799991,-38.83307536399991],[-72.81299428999995,-38.826163626999914],[-72.81615411899992,-38.82785278699993],[-72.81744909899993,-38.83106523299995],[-72.81687797799992,-38.833035999999936],[-72.81395326199993,-38.835079066999924],[-72.80796370799993,-38.836624479999955],[-72.80717932199991,-38.838654781999935],[-72.80861828699994,-38.84093133199991],[-72.80718579199993,-38.844251637999946],[-72.80794012599995,-38.845595432999914],[-72.80687162699991,-38.84596630699991],[-72.80829993599991,-38.847134152999956],[-72.80675277899991,-38.849188425999955],[-72.80331138999992,-38.849926560999904],[-72.8010234429999,-38.852854918999924],[-72.79899178699992,-38.853010111999936],[-72.81738623699994,-38.89851976299991],[-72.8167127289999,-38.89991969499994],[-72.81866953999992,-38.9051145759999],[-72.82536331299991,-38.91175381399995],[-72.83425131099995,-38.90937824899993],[-72.85207938099995,-38.91190171899996],[-72.86398607199993,-38.907627110999954],[-72.86922694099991,-38.90838666399992],[-72.87233231899995,-38.911475141999915],[-72.87231449799992,-38.91424696999991],[-72.89983851199992,-38.98072653899993],[-72.91384988199991,-39.021974703999945],[-72.90509055099994,-39.02468998499995],[-72.89691894299995,-39.018457450999904],[-72.88870645199995,-39.02325345699995],[-72.8690326219999,-39.020534848999944],[-72.8565989459999,-39.02251029599995],[-72.8536165299999,-39.02772769599994],[-72.84938450599992,-39.03143996599994],[-72.8322540339999,-39.03240800399993],[-72.82130027699992,-39.034826833999944],[-72.81080742899991,-39.02812059699994],[-72.81025652799991,-39.020388313999945],[-72.80767120099995,-39.01659719899993],[-72.79976598799993,-39.014008549999915],[-72.79492818499995,-39.007498007999914],[-72.78588705699991,-39.004389517999925],[-72.77686097999992,-38.99791707999992],[-72.7693370419999,-38.9958547679999],[-72.75676400599991,-38.99798228499992],[-72.75218955499992,-39.00057081199992],[-72.7455760119999,-39.00044314599995],[-72.74271923099991,-39.0043672619999],[-72.73924722599992,-39.005673833999936],[-72.73480283299995,-39.00224775399994],[-72.73148156999991,-39.00168576999994],[-72.72472994199995,-39.00681268199992],[-72.71570277899991,-39.00431489999994],[-72.70622632699991,-39.00540795899991],[-72.70150642699991,-39.00304110399992],[-72.6950957919999,-38.99479005699993],[-72.6877551199999,-38.99427427099994],[-72.68411858399992,-38.992561018999936],[-72.68334218299992,-38.98768910799993],[-72.6779097989999,-38.98277228699993],[-72.6757333299999,-38.98241407099994],[-72.67156865899995,-38.98490713099994],[-72.66893921299993,-38.984754420999934],[-72.66567780199995,-38.98337249899993],[-72.6668715479999,-38.97918853999994],[-72.66485514699991,-38.97690941199994],[-72.6379818769999,-38.97189529599996],[-72.63032470699994,-38.981693572999916],[-72.62502252299993,-38.98512396199993],[-72.61555434499991,-38.98454775499994],[-72.6031475389999,-38.99085241999995],[-72.58909963099995,-38.98749902199995],[-72.58515139699995,-38.98526939499993],[-72.57580912199995,-38.993295100999944],[-72.56382137199995,-38.996337267999934],[-72.55435958599992,-39.0073025879999],[-72.55171158999991,-39.006814436999946],[-72.54916626799991,-39.004130595999925],[-72.54655515699994,-39.003873347999956],[-72.54448914799991,-39.0093138549999],[-72.54184261899991,-39.01084886599995],[-72.5369334259999,-39.01135226899993],[-72.53129478099993,-39.00840032199994],[-72.5260115179999,-39.010402392999936],[-72.51771507399991,-39.01774732699994],[-72.51873695199993,-39.02023895699995],[-72.5235262029999,-39.02229262599991],[-72.52123225699995,-39.027279490999945],[-72.52344886199995,-39.03400066599994],[-72.51752768699993,-39.037097511999946],[-72.5129854299999,-39.0417506899999],[-72.51237493499991,-39.045525633999944],[-72.50346381599991,-39.05553255099994],[-72.5059742219999,-39.058700838999926],[-72.50594359599995,-39.062199534999934],[-72.49540345399993,-39.07194242499992],[-72.48315356899991,-39.06936967799993],[-72.47935416299993,-39.074265993999916],[-72.47547975499992,-39.07649096199992],[-72.46022147499991,-39.07736193599993],[-72.44946238199992,-39.08223762999995],[-72.4300134959999,-39.0884241089999],[-72.41826963799991,-39.09058153299992],[-72.41634300899995,-39.09178943199993],[-72.4114958369999,-39.1015423689999],[-72.40371424699993,-39.10289640099995],[-72.39180149599991,-39.10787321399994],[-72.38222612499993,-39.10887297399995],[-72.3803301769999,-39.11463840099992],[-72.37204226999995,-39.11917752699992],[-72.36958668099993,-39.11941812999993],[-72.35746919499991,-39.08824901599991],[-72.33158454199992,-39.09435535699993],[-72.31884881499991,-39.059561636999945],[-72.3106919889999,-39.06148503299994],[-72.3001904059999,-39.03138626799995],[-72.30870071699991,-39.03073397899993],[-72.3110839929999,-39.03164705899991],[-72.31636785199993,-39.03025099899992],[-72.31590368099995,-39.028443859999925],[-72.32866537799993,-39.02025287899994],[-72.33796562099991,-39.017710665999914],[-72.34191451599992,-39.00917188299991],[-72.3480597919999,-39.009993591999944],[-72.35886273199992,-39.00563827099995],[-72.35079181099991,-38.98565376799991],[-72.34078352299991,-38.988108636999925],[-72.32593344499992,-38.94973073999995],[-72.34786368099992,-38.94472238499992],[-72.3337917469999,-38.908267973999955],[-72.33804998599993,-38.906983451999906],[-72.34016966799993,-38.90479745499994],[-72.34162188599993,-38.90533508099992],[-72.34331855499994,-38.902797026999906],[-72.3463113219999,-38.90306784599994],[-72.35039712699995,-38.89848028999995],[-72.3519580759999,-38.90012391399995],[-72.35436577299993,-38.897984727999926],[-72.35856579099993,-38.90044036499995],[-72.36029732399993,-38.898128078999946],[-72.3646235679999,-38.89908627799991],[-72.36760481599993,-38.89611737799993],[-72.37214952399995,-38.898341554999945],[-72.38430111499991,-38.890028525999924],[-72.3870985069999,-38.892690445999904],[-72.38835101299992,-38.89012824699995],[-72.38933271099995,-38.890983595999955],[-72.39395498499994,-38.890348134999954],[-72.3962601849999,-38.89176003499995],[-72.40174501999991,-38.89070654599993],[-72.40388612699991,-38.8888937289999],[-72.4068498119999,-38.88880646399991],[-72.4092732869999,-38.8857610039999],[-72.41259607399991,-38.88524459799993],[-72.4167861439999,-38.886878063999916],[-72.41942599499993,-38.88526519399994],[-72.42080024799992,-38.882547652999904],[-72.42829937899995,-38.88068599399992],[-72.42969202099994,-38.88152303399994],[-72.43430205399994,-38.87889907199991],[-72.43679194799995,-38.88087733799995],[-72.44956288399993,-38.880391319999944],[-72.45160428399993,-38.883260434999954],[-72.45479497799994,-38.88421301099993],[-72.4597670839999,-38.88216353699994],[-72.46221996199995,-38.88322147899993],[-72.46905638899995,-38.88240591099992],[-72.47763589999994,-38.878622900999915],[-72.48643980799994,-38.878906532999906],[-72.49199524499994,-38.87613485599991],[-72.49768336499994,-38.87732460299992],[-72.4995389739999,-38.87601291699991],[-72.5010937749999,-38.87888427699994],[-72.5059373169999,-38.87735262199993],[-72.50425274299994,-38.87530293899994],[-72.50690760999993,-38.8773958779999],[-72.51077516499993,-38.87725769299993],[-72.50823404999994,-38.87565829999994],[-72.51299876599995,-38.87387689499991],[-72.51296036399992,-38.87216873199992],[-72.51135937099991,-38.87114803999992],[-72.51489107099991,-38.86987172799991],[-72.51464859299995,-38.86854523199992],[-72.51033976399992,-38.86711405299991],[-72.51447767899992,-38.86549508899992],[-72.51785364499995,-38.86605554099992],[-72.51702647899992,-38.86753953099992],[-72.51897818099991,-38.868182858999944],[-72.5204496689999,-38.8655386879999],[-72.52269404899994,-38.86658740099995],[-72.53371888399994,-38.86515840699991],[-72.54321226099995,-38.867244538999955],[-72.54471891299994,-38.86859013299994],[-72.54458284499992,-38.87066089299992],[-72.53903513099993,-38.87509648099996],[-72.54199325199994,-38.87624329699992],[-72.54359716099992,-38.875821225999914],[-72.5436103909999,-38.87388791299992],[-72.54496714499993,-38.87311501699992],[-72.54593112799995,-38.87323360899995],[-72.54571117599994,-38.87491826999991],[-72.54755352299992,-38.87470971199991],[-72.55074473899992,-38.867352196999946],[-72.55216859299992,-38.86833843699992],[-72.55296352999994,-38.87177241599994],[-72.55908448299994,-38.86753583899991],[-72.56112995299992,-38.8688478009999],[-72.55943874999991,-38.8695453709999],[-72.55900638899993,-38.87171125499992],[-72.56672684499995,-38.872691785999905],[-72.56683658299994,-38.87137422099994],[-72.56331116099994,-38.869033387999934],[-72.56465506699993,-38.86767901699994],[-72.5702079969999,-38.86845318299993],[-72.5699226079999,-38.87034211099996],[-72.57198239399992,-38.87112981699994],[-72.57575020899992,-38.86713535399991],[-72.58775110899995,-38.86298395199992],[-72.6024694109999,-38.86259007199993],[-72.60398996399994,-38.85980781599994],[-72.60135581999992,-38.855695659999924],[-72.60211212099995,-38.852604852999946],[-72.6111162329999,-38.85483797899991],[-72.62223701399995,-38.852459247999946],[-72.62500875899991,-38.84747677699994],[-72.62467682999994,-38.8396546269999],[-72.62636802399993,-38.83681833899993],[-72.63510675899994,-38.836553359999925],[-72.63590128999994,-38.83102888099995],[-72.6351872109999,-38.82939749299993],[-72.63275655299992,-38.829248126999914]]]}},{"type":"Feature","properties":{"cut":9106,"comuna":"GALVARINO"},"geometry":{"type":"Polygon","coordinates":[[[-72.77752367999994,-38.32053115699995],[-72.78429099699991,-38.320597180999926],[-72.78929812799993,-38.32339164599995],[-72.79457655099992,-38.32130050399991],[-72.79876690799995,-38.32331929999992],[-72.80467264099991,-38.32683114699995],[-72.8071231319999,-38.33112187799992],[-72.80426523299991,-38.33265769999991],[-72.80912529999995,-38.3367048959999],[-72.81190002799991,-38.33573659199993],[-72.8143088999999,-38.33195353799994],[-72.81575397199992,-38.331619717999956],[-72.81915483699993,-38.33267110199995],[-72.82200812099995,-38.33603707499992],[-72.8258691609999,-38.33685631399993],[-72.83000412299992,-38.33583263299994],[-72.83845848099992,-38.33852614399996],[-72.84062836699991,-38.338121206999915],[-72.84329159099991,-38.33969943799991],[-72.84374489599992,-38.342433480999944],[-72.8508877029999,-38.34369234399992],[-72.8493136809999,-38.345848050999905],[-72.84934896099992,-38.34849593999991],[-72.85296284599991,-38.348000509999906],[-72.85644993699992,-38.34583255299992],[-72.86007114699993,-38.345789242999956],[-72.87188905799991,-38.34925493199995],[-72.87348902499991,-38.344791710999914],[-72.87488427199992,-38.3445253509999],[-72.87825295199991,-38.34665923599994],[-72.87801618599991,-38.35063954799995],[-72.88786045199993,-38.354042757999935],[-72.89013607699991,-38.35676569799995],[-72.8926420219999,-38.35744610099994],[-72.89788214099991,-38.35487294099994],[-72.89985239099991,-38.35681324099994],[-72.90597181699991,-38.357544170999915],[-72.91371436899993,-38.3552154379999],[-72.9162630209999,-38.356176166999944],[-72.92160140899995,-38.36223804399992],[-72.92695752499992,-38.36332584699994],[-72.93364844799993,-38.363155296999935],[-72.93581283599991,-38.36200082699992],[-72.94639891599991,-38.363204021999934],[-72.9512525479999,-38.35927941099993],[-72.95494958799992,-38.35966236799993],[-72.95654271899991,-38.3617462009999],[-72.95573312899995,-38.37343888099991],[-72.9590123289999,-38.375362787999904],[-72.95953285799993,-38.37838502199992],[-72.95690314399991,-38.382214716999954],[-72.95862807099991,-38.38547201699993],[-72.95753193599995,-38.38805802899992],[-72.95239108299995,-38.389970380999955],[-72.96577373899993,-38.38856805599994],[-72.96569670899993,-38.390951773999916],[-72.96701822599994,-38.391941725999914],[-72.97063221199994,-38.39161694699993],[-72.97557230699994,-38.39397442999996],[-72.97995123899994,-38.39804273599992],[-72.98242587899995,-38.3979118659999],[-72.98616163199995,-38.403241857999944],[-72.99714284499993,-38.402147305999904],[-73.00054547399992,-38.4039556969999],[-73.00565773199992,-38.40961626699993],[-73.0055793109999,-38.41100430899991],[-73.0021774189999,-38.412962687999936],[-72.99883092199991,-38.41288558399992],[-72.99444887199991,-38.415012745999945],[-72.99022915899991,-38.42014741299994],[-72.98129301699993,-38.42044633699993],[-72.97890591099991,-38.43271894599991],[-72.98394150299993,-38.43675252399993],[-72.98263409299994,-38.440067419999934],[-72.9885518129999,-38.450004049999905],[-72.9902079169999,-38.458084698999926],[-72.98863432499991,-38.46120481899993],[-72.98483790199992,-38.45840566299995],[-72.9768773589999,-38.45742160799995],[-72.97639548099994,-38.45886041099993],[-72.9615577969999,-38.4674787159999],[-72.95626639799991,-38.46824111099994],[-72.94967036799994,-38.47217104099991],[-72.9429348779999,-38.48226146099995],[-72.93828062299991,-38.48031524599992],[-72.93214576799994,-38.48357785399992],[-72.92853406899991,-38.48154282199994],[-72.92179965199995,-38.48460195999991],[-72.91783072399994,-38.488931377999904],[-72.91990996099992,-38.490757069999916],[-72.92228738799992,-38.490361048999944],[-72.92157758099995,-38.49193822299992],[-72.91521632599995,-38.49189015199994],[-72.91250255099993,-38.48966875799994],[-72.90928088499993,-38.4906538699999],[-72.90335768799991,-38.48776427699994],[-72.88998485499991,-38.48945777699993],[-72.88442290499995,-38.49816781399994],[-72.88194352199991,-38.49684089199991],[-72.88155685999993,-38.49522880899991],[-72.88429323999992,-38.48950620599993],[-72.8835734509999,-38.48523507099992],[-72.88208628899991,-38.484991178999906],[-72.8774555039999,-38.487841318999926],[-72.8738482409999,-38.48563317899993],[-72.87504506999994,-38.49322298499993],[-72.87020149599994,-38.4964552159999],[-72.87228680699991,-38.499632307999946],[-72.87082950399991,-38.50360112299995],[-72.87374777399992,-38.506174803999954],[-72.85211595299995,-38.51268243699991],[-72.85193455299992,-38.514814032999936],[-72.8497798919999,-38.51598769499992],[-72.84975177699994,-38.51834744899992],[-72.84617426799991,-38.52098867299992],[-72.83597556799992,-38.516980830999955],[-72.8293037169999,-38.51821339299994],[-72.8210390289999,-38.51501874399992],[-72.8116487559999,-38.513975511999945],[-72.80352438299991,-38.523892711999906],[-72.8053229759999,-38.525081239999906],[-72.80432076099993,-38.53013077399993],[-72.79650419099994,-38.53772222799995],[-72.79623521299993,-38.54044928099995],[-72.79209495299995,-38.54301910299995],[-72.79076365499992,-38.54639080399994],[-72.79443399299993,-38.55508455599994],[-72.79241070099994,-38.56077536299995],[-72.79539918899991,-38.5701764019999],[-72.79255391899994,-38.57851042999994],[-72.79607553599993,-38.58488716599993],[-72.79495481099991,-38.586264875999916],[-72.79502619699991,-38.59079774799994],[-72.79139710499993,-38.594012720999956],[-72.79025641399994,-38.59325682399992],[-72.78965095899991,-38.58873563199995],[-72.78546406399994,-38.59044502799992],[-72.78312980699991,-38.58981964599991],[-72.78504061899991,-38.586269666999954],[-72.78106708999991,-38.58734320199994],[-72.78006856699994,-38.590176071999906],[-72.77783242999993,-38.589813739999954],[-72.77721394399993,-38.58676546299995],[-72.77534740099992,-38.58586948499993],[-72.77222463499993,-38.5869453759999],[-72.77208339899994,-38.58928539999994],[-72.76947556899995,-38.58809138299995],[-72.77165595799994,-38.585218047999945],[-72.76592949999991,-38.586937952999904],[-72.7659921419999,-38.58387559199991],[-72.7624868499999,-38.580145847999916],[-72.76124331499994,-38.58017611999992],[-72.76310415099994,-38.583095063999906],[-72.76243407599992,-38.583879674999935],[-72.7585896619999,-38.58067945199991],[-72.75643372399992,-38.58079580799995],[-72.75476419199993,-38.578655331999926],[-72.75428875099993,-38.57503301299994],[-72.75240661999993,-38.57373540599991],[-72.7496683469999,-38.574128783999925],[-72.74813625999991,-38.57063028099992],[-72.7463048759999,-38.5701489999999],[-72.74440701799995,-38.566174857999954],[-72.74217578699995,-38.56586042199996],[-72.7417728389999,-38.56436499999995],[-72.73875413399992,-38.56658384199994],[-72.72962166699995,-38.56806039799994],[-72.71627379099994,-38.56559756899992],[-72.71250647999994,-38.56073944399992],[-72.71132031699995,-38.55293574499996],[-72.7089045159999,-38.54933396699994],[-72.70564272099995,-38.55087841599993],[-72.69918402699994,-38.54962518299993],[-72.68982508399995,-38.55154471299994],[-72.6858763269999,-38.550074578999954],[-72.68124581699993,-38.55226253799992],[-72.6771529099999,-38.55108659699994],[-72.67340662299995,-38.552264608999906],[-72.66316404499992,-38.55003767199992],[-72.66020192199994,-38.552819031999945],[-72.63391041099993,-38.55114792299992],[-72.6324630869999,-38.54816527899993],[-72.62906016599993,-38.54536003399994],[-72.6283549339999,-38.54139922199994],[-72.6292445169999,-38.53583985499995],[-72.63363191099995,-38.53036477099994],[-72.63432453399992,-38.52489147099993],[-72.63572261399992,-38.52291491799991],[-72.63512092499991,-38.513748232999944],[-72.63338515799995,-38.51255982099991],[-72.63143922299992,-38.50711423699994],[-72.62347736099991,-38.50239514599991],[-72.62303107999992,-38.50046533799991],[-72.61935350199991,-38.49811097899993],[-72.61907180999992,-38.4945011019999],[-72.6168249349999,-38.49324153999993],[-72.61725764399995,-38.491364621999935],[-72.61507075599991,-38.48954054099994],[-72.6108693569999,-38.4889908369999],[-72.60887124099992,-38.47715096199994],[-72.61033012799993,-38.47425687999993],[-72.61055068399992,-38.46940027799991],[-72.61283550999991,-38.46773491099992],[-72.61225473499991,-38.464929844999915],[-72.61339779399992,-38.46195719199994],[-72.6111724989999,-38.457983277999915],[-72.61154177499992,-38.45538680299995],[-72.60945198599995,-38.44865568699993],[-72.61715769699993,-38.44797025999992],[-72.61864130099991,-38.44413861599992],[-72.62299310799995,-38.44301788899992],[-72.62363296199993,-38.4421460609999],[-72.6221067589999,-38.441167857999915],[-72.62708706199993,-38.438403336999954],[-72.6294788699999,-38.43319017299996],[-72.63756243299991,-38.42813919999992],[-72.64259329299995,-38.42686341499996],[-72.6490672139999,-38.42220008999993],[-72.6609573419999,-38.42236418199991],[-72.66496428999994,-38.4165185409999],[-72.66952843099995,-38.41703790999992],[-72.6717015289999,-38.41536908499995],[-72.67721834699995,-38.416028222999955],[-72.6800734919999,-38.41477284299992],[-72.68077887499993,-38.418811871999935],[-72.68663418299991,-38.41692811099995],[-72.69060648699991,-38.417461089999904],[-72.69230436999993,-38.41234997799995],[-72.69186003599992,-38.408073680999905],[-72.68545542299995,-38.39886301799993],[-72.68241763799995,-38.3926103899999],[-72.68305308799995,-38.39002913399992],[-72.67689464099993,-38.38895578799992],[-72.67412051499991,-38.38712963899991],[-72.70053171299992,-38.36725821099992],[-72.70114400799991,-38.365317115999915],[-72.70498030099992,-38.36601404599992],[-72.71166507799995,-38.36362178499991],[-72.71533932299991,-38.36637865599994],[-72.7193330039999,-38.367195324999955],[-72.72772757199994,-38.36457860099995],[-72.73289982299991,-38.36563391199991],[-72.73766638599994,-38.36396443499996],[-72.7385737219999,-38.3663427539999],[-72.74249794099995,-38.36781507699993],[-72.74533621499995,-38.36503134199995],[-72.75075925099992,-38.363333404999935],[-72.75390104799993,-38.36064088699993],[-72.76308009999991,-38.345956739999906],[-72.75241124999991,-38.34579011399995],[-72.75166625399993,-38.34304375799991],[-72.7583257039999,-38.33836206899991],[-72.7607868259999,-38.340192532999936],[-72.76292818999991,-38.339370527999904],[-72.76438660499991,-38.33803883999991],[-72.76451041299993,-38.33564368799995],[-72.76737536299993,-38.33310677299994],[-72.76979849599991,-38.332987773999946],[-72.77241244299995,-38.33471047599994],[-72.77594892499991,-38.33379024799996],[-72.7764188669999,-38.33141673599994],[-72.7740988939999,-38.33003664899991],[-72.7750389279999,-38.32447619799996],[-72.77752367999994,-38.32053115699995]]]}},{"type":"Feature","properties":{"cut":9108,"comuna":"LAUTARO"},"geometry":{"type":"Polygon","coordinates":[[[-72.12086607099991,-38.419352759999924],[-72.14436998999992,-38.4218213339999],[-72.16000821299991,-38.42732031299994],[-72.17085367499993,-38.425190915999906],[-72.18261694999995,-38.430672983999955],[-72.18814834299991,-38.438927889999945],[-72.19074914799995,-38.44084647599993],[-72.19449347499994,-38.44149072199991],[-72.19753604699991,-38.4437439159999],[-72.20339519599992,-38.44248965299994],[-72.20642829099995,-38.4466923679999],[-72.21021874599995,-38.44892504799992],[-72.21747703799991,-38.44852920299991],[-72.2285208639999,-38.453366123999956],[-72.23664130999992,-38.45148740299993],[-72.2413012749999,-38.454815512999915],[-72.24518748399993,-38.45307457799993],[-72.2473121399999,-38.45055172399992],[-72.2520928109999,-38.448869790999936],[-72.25590347299993,-38.44883876299991],[-72.25610985199995,-38.45126265999994],[-72.26061811599993,-38.45040773099993],[-72.26358770299993,-38.45130655799994],[-72.2703132179999,-38.44773348099994],[-72.27371863699994,-38.447459447999904],[-72.28709041899992,-38.450361477999934],[-72.2922111499999,-38.453621150999936],[-72.29853987999991,-38.45529865299994],[-72.3045676559999,-38.45433818799995],[-72.31155005199992,-38.45993682899996],[-72.3127442519999,-38.46408698999994],[-72.31731924699994,-38.46595881099995],[-72.32080017699991,-38.473106086999906],[-72.32657803199993,-38.47488728299993],[-72.32899217099992,-38.47714118999994],[-72.34113648899995,-38.479675365999924],[-72.34721625899994,-38.48268745599995],[-72.38561262799993,-38.47475224099992],[-72.42148876599992,-38.46517734099996],[-72.42295775499991,-38.4654329249999],[-72.42361611599995,-38.468152457999906],[-72.4309882629999,-38.4689541809999],[-72.43120832099993,-38.473126184999956],[-72.43365529399995,-38.47504494499992],[-72.43653814299995,-38.4764325939999],[-72.4442905379999,-38.476475954999955],[-72.44749244999991,-38.48121305899991],[-72.46535366799992,-38.480447855999955],[-72.4786686889999,-38.476464569999905],[-72.4872370519999,-38.479252739999936],[-72.4908924049999,-38.48335419399996],[-72.49090368799995,-38.48604397699995],[-72.50181403599993,-38.48689452199994],[-72.50353370699992,-38.48863413799995],[-72.50197975599991,-38.49221858099992],[-72.50474971199992,-38.49465184799993],[-72.5045329109999,-38.49676011699995],[-72.50969114999992,-38.49693755099992],[-72.5125767159999,-38.502396017999956],[-72.51460422999992,-38.50224536899992],[-72.51692019299992,-38.50469123799991],[-72.51554361599995,-38.505959494999956],[-72.51827125299991,-38.508463631999916],[-72.51724204299995,-38.510613261999936],[-72.5192930419999,-38.51095408799995],[-72.52374514899992,-38.50809302099992],[-72.52583438899995,-38.51309281999994],[-72.5291754349999,-38.51387971299994],[-72.53148149599991,-38.51389233499992],[-72.53702456499991,-38.508769670999925],[-72.54136922399994,-38.51081173299991],[-72.54759221599994,-38.51100986999995],[-72.55099088599991,-38.505850583999916],[-72.5468274079999,-38.5041505609999],[-72.54673575999993,-38.5017834489999],[-72.5493485369999,-38.50077046699994],[-72.5508788919999,-38.496910063999906],[-72.55503337899995,-38.49437492599992],[-72.55004746499992,-38.48877441299993],[-72.55102402799992,-38.48735770899992],[-72.55478193999994,-38.48699926599994],[-72.55720114799993,-38.4903610529999],[-72.5656209039999,-38.49370357099991],[-72.56765031299994,-38.49320964499992],[-72.56901557799995,-38.489728493999905],[-72.57331254199994,-38.49013300999991],[-72.57580050999991,-38.48863028099993],[-72.57446942099995,-38.49291864599991],[-72.57177644899991,-38.49621014099995],[-72.57905672599992,-38.49702770099992],[-72.57953514999991,-38.49140615099992],[-72.57851921999992,-38.48926321099992],[-72.57974519299995,-38.48712158299992],[-72.57827534899991,-38.48464938899991],[-72.58125046299995,-38.48183209599995],[-72.58390675299995,-38.481346327999916],[-72.58584442299991,-38.47852101299992],[-72.58805798499992,-38.47886848499991],[-72.58920286299991,-38.47701791399993],[-72.58335460399991,-38.472311075999926],[-72.58649885299991,-38.469361972999934],[-72.59225732999994,-38.470178838999914],[-72.5918737369999,-38.46622891599992],[-72.59792796699992,-38.46065421499992],[-72.60109580699992,-38.46223290499995],[-72.6051900729999,-38.46166346299992],[-72.60420866099992,-38.458205920999944],[-72.61065429099995,-38.45289533999994],[-72.6111724989999,-38.457983277999915],[-72.61339779399992,-38.46195719199994],[-72.61225473499991,-38.464929844999915],[-72.61283550999991,-38.46773491099992],[-72.61055068399992,-38.46940027799991],[-72.61033012799993,-38.47425687999993],[-72.60887406799992,-38.47706542099991],[-72.61085649599994,-38.488968048999936],[-72.61507075599991,-38.48954054099994],[-72.61725764399995,-38.491364621999935],[-72.6168249349999,-38.49324153999993],[-72.61907180999992,-38.4945011019999],[-72.61935350199991,-38.49811097899993],[-72.62303107999992,-38.50046533799991],[-72.62347736099991,-38.50239514599991],[-72.63143922299992,-38.50711423699994],[-72.63338515799995,-38.51255982099991],[-72.63500641899992,-38.51348011299996],[-72.63572261399992,-38.52291491799991],[-72.63432453399992,-38.52489147099993],[-72.63363191099995,-38.53036477099994],[-72.6292445169999,-38.53583985499995],[-72.62853267799994,-38.544304147999924],[-72.63391041099993,-38.55114792299992],[-72.63945582499991,-38.55169678599992],[-72.62933107499993,-38.555426955999906],[-72.61955509599994,-38.564311526999916],[-72.61564985899992,-38.57155541499992],[-72.60804908499995,-38.5752263249999],[-72.60425659899994,-38.578908757999955],[-72.58955467699991,-38.581390137999904],[-72.5894457359999,-38.58817685699995],[-72.59123831499994,-38.592102387999944],[-72.58707349699995,-38.59603725399995],[-72.58624562099993,-38.60031733299991],[-72.5896674839999,-38.61226382199993],[-72.58555688099995,-38.61663416199991],[-72.5785068799999,-38.620775401999936],[-72.5783033159999,-38.624691510999924],[-72.57952590799994,-38.6269513389999],[-72.56927137699995,-38.637118287999954],[-72.5633267149999,-38.63819289899993],[-72.5619868469999,-38.64010214099994],[-72.54839513999991,-38.64293993399991],[-72.53975106699994,-38.639235425999914],[-72.53524050899995,-38.635320160999925],[-72.53436559599993,-38.632819441999914],[-72.53267200099992,-38.632337718999906],[-72.52863672299992,-38.63532042399993],[-72.52646040999991,-38.64031552799992],[-72.5233756209999,-38.6421153039999],[-72.52454424299992,-38.64587921899994],[-72.52185881699995,-38.64941733099994],[-72.51885759699991,-38.64855178499994],[-72.51535952099994,-38.64078743899995],[-72.5080315109999,-38.634881339999936],[-72.45442512299991,-38.648494402999916],[-72.46146135999993,-38.66657511699992],[-72.44079925299991,-38.67083241599994],[-72.43924344299995,-38.66687258099995],[-72.43181125299992,-38.658267752999905],[-72.43013575799995,-38.65760474499996],[-72.42859136399994,-38.65992236099993],[-72.42617998599991,-38.65965305499992],[-72.4268118139999,-38.657973108999954],[-72.42442733299993,-38.657235846999924],[-72.42179695399994,-38.65428569599993],[-72.4195454309999,-38.653650376999906],[-72.41827304399993,-38.654586338999934],[-72.41339862399991,-38.652622555999926],[-72.4085235739999,-38.65235691499993],[-72.40761930199994,-38.64798060299995],[-72.40448688299995,-38.646852441999954],[-72.40324927299991,-38.64135597899991],[-72.39664301499994,-38.6375060119999],[-72.3881881019999,-38.63679937299992],[-72.37735514699995,-38.63279526799994],[-72.37152439399995,-38.63239853999994],[-72.36938268599994,-38.63120612599994],[-72.3680411329999,-38.6272566639999],[-72.36453372999995,-38.626177569999925],[-72.36447388199991,-38.624734650999926],[-72.35469255599992,-38.624153373999945],[-72.34992554799993,-38.622027233999916],[-72.34903305499995,-38.61981311799991],[-72.34631221699993,-38.619436056999916],[-72.34035432399992,-38.61575533999991],[-72.33244637799993,-38.61468773999991],[-72.33248074099993,-38.613760517999935],[-72.33014106299993,-38.614454930999955],[-72.32443184999994,-38.609504210999944],[-72.3212811539999,-38.61049072599991],[-72.31571695799994,-38.594316997999954],[-72.31023343099992,-38.59180008399994],[-72.30661504799991,-38.58155454599995],[-72.31039713299992,-38.579046417999905],[-72.3083960479999,-38.57479549199991],[-72.30993486199992,-38.573506563999956],[-72.30593650599991,-38.57307094299995],[-72.30564196999995,-38.57475805699994],[-72.3015210929999,-38.57427498799996],[-72.3009822269999,-38.57578167499992],[-72.29927079799995,-38.57596702299992],[-72.30145682699992,-38.57082897299995],[-72.29706321299994,-38.56600345399994],[-72.28883848699991,-38.56816370899992],[-72.2845393739999,-38.567010404999905],[-72.28122543199993,-38.56406520799993],[-72.26878622799995,-38.56242517499993],[-72.26545140999991,-38.564341429999956],[-72.2650515489999,-38.56337677999994],[-72.2640424299999,-38.56438516299994],[-72.26014855599993,-38.56290962799994],[-72.2595534109999,-38.564698920999945],[-72.25780008699991,-38.56299438499991],[-72.25590501599993,-38.56531839899992],[-72.25487418699993,-38.56413195899995],[-72.2563210049999,-38.56093592299993],[-72.25301994799992,-38.557176468999955],[-72.2488519069999,-38.55755271499993],[-72.2499430229999,-38.56000076499993],[-72.2447643829999,-38.561095218999924],[-72.24207416999991,-38.56071016199991],[-72.24203972099991,-38.557590844999936],[-72.23834803199992,-38.5577174469999],[-72.23829975299992,-38.55913086599992],[-72.23046329199991,-38.56114644699994],[-72.2269562269999,-38.55665312799994],[-72.22467669899993,-38.5558827989999],[-72.2179512429999,-38.56176401399995],[-72.21030244099995,-38.562617953999904],[-72.19920303899994,-38.567057717999944],[-72.16017220299995,-38.575295671999925],[-72.15698129499992,-38.56701688399994],[-72.13517938899992,-38.572203019999904],[-72.13772642999993,-38.576374367999904],[-72.14621759099992,-38.58109562899995],[-72.14504711199993,-38.586918726999954],[-72.15059250099995,-38.58988295699993],[-72.15528550399995,-38.589934144999916],[-72.15479724799991,-38.59230528099994],[-72.15700348899992,-38.595341084999916],[-72.14656425499993,-38.596686001999956],[-72.14178107999993,-38.59954681599993],[-72.13045118799994,-38.602242444999945],[-72.12933229399994,-38.598935541999936],[-72.12548022499993,-38.6002373739999],[-72.12364549999995,-38.59680470799992],[-72.11966366799993,-38.59733284999993],[-72.11468831899992,-38.594701063999935],[-72.11352109799992,-38.59578942699994],[-72.11104058799992,-38.59521913799995],[-72.11003207499994,-38.59281572999993],[-72.10752485099994,-38.59268166399994],[-72.10745328799993,-38.58971129099996],[-72.10288209399994,-38.58704396199994],[-72.1012154199999,-38.591165006999915],[-72.0988551559999,-38.59116053099996],[-72.0949935459999,-38.59381703299994],[-72.09299437399994,-38.59791166899993],[-72.08596816499994,-38.60038102999994],[-72.07877431999992,-38.59872849699991],[-72.06589850899991,-38.60315853599991],[-72.05763894599994,-38.60223473699995],[-72.05347283599991,-38.59993605599993],[-72.04862505699992,-38.60186340899992],[-72.04513635899991,-38.600113079999915],[-72.04354238699995,-38.60209537399993],[-72.04005614399995,-38.601457603999904],[-72.03671064299994,-38.60324228999991],[-72.03307819899993,-38.602722231999905],[-72.0237130559999,-38.60897537999995],[-72.01847742099994,-38.60893657799994],[-72.0146957259999,-38.61180411499993],[-72.01417996899994,-38.615223458999935],[-72.01025672799994,-38.61922238799991],[-72.00611933699992,-38.62071563899991],[-71.99247119499995,-38.61792382699991],[-71.98567867299994,-38.61516775699994],[-71.9693136169999,-38.61229867399993],[-71.96807472599994,-38.610532289999924],[-71.9651907569999,-38.61125927599994],[-71.96441434699994,-38.60965801499992],[-71.9558876399999,-38.60977414999991],[-71.94954741799995,-38.6084196889999],[-71.94801708799992,-38.60695630999993],[-71.93385901599993,-38.60875704499995],[-71.93063264099993,-38.608167874999936],[-71.92974964399991,-38.606712245999915],[-71.91875348499991,-38.60816620599991],[-71.9074149569999,-38.60700645499992],[-71.9029204119999,-38.60537846299991],[-71.89555588799993,-38.60574619999994],[-71.89016890999994,-38.60402194799991],[-71.88978418799991,-38.60279549799992],[-71.88587624299993,-38.602707075999945],[-71.88307679999991,-38.59473473899993],[-71.87768752399995,-38.588355571999955],[-71.87768120599992,-38.58649841999994],[-71.87984215699993,-38.584716156999946],[-71.87568997799991,-38.57933007899993],[-71.86965405799992,-38.57591706499994],[-71.86590981499995,-38.5756804799999],[-71.86205368599991,-38.57303010599992],[-71.85829001499991,-38.57271999599993],[-71.85229007599992,-38.56999003499993],[-71.85402032699994,-38.563223843999936],[-71.85854943699991,-38.561182809999934],[-71.86226615699991,-38.554902683999956],[-71.8656554929999,-38.553439511999954],[-71.86718454399994,-38.55113813499992],[-71.87781389399993,-38.550273715999936],[-71.88616906099992,-38.55250547499992],[-71.8917473649999,-38.55091510699992],[-71.89806614899993,-38.5486233819999],[-71.9005642219999,-38.54354992099991],[-71.9060405159999,-38.540352528999904],[-71.91521068399993,-38.5404370679999],[-71.93019017599994,-38.53637612499995],[-71.93911069199993,-38.53246566599995],[-71.94210276199993,-38.5297600799999],[-71.96286783399995,-38.5273910489999],[-71.96774630899995,-38.52831491599994],[-71.96845425399994,-38.526648536999915],[-71.97391014499993,-38.526879881999946],[-71.97819576599994,-38.52551314099992],[-71.9961907949999,-38.52482337299995],[-72.00559199999992,-38.526122968999914],[-72.01257198699994,-38.524274317999925],[-72.01820403599993,-38.524562146999926],[-72.0227159289999,-38.52074447599995],[-72.02772074399991,-38.518939221999915],[-72.03256341999992,-38.519242333999955],[-72.03635705199991,-38.514964437999936],[-72.0392898529999,-38.51393053399994],[-72.04563827899995,-38.51441984699994],[-72.04748737299991,-38.512052001999905],[-72.05407374599991,-38.511326083999904],[-72.05977704299994,-38.51371738799992],[-72.06815668299993,-38.51357178599994],[-72.07315006399995,-38.51089485999995],[-72.07935266499993,-38.50979753099995],[-72.0811304959999,-38.511238359999936],[-72.0834742859999,-38.50954446199995],[-72.09023268999994,-38.508199126999955],[-72.0952151059999,-38.509169810999936],[-72.0980932249999,-38.505867165999916],[-72.10079655899995,-38.504645815999936],[-72.10393965799994,-38.505322778999926],[-72.1049015509999,-38.503260878999924],[-72.10702829999991,-38.50508835099993],[-72.10667963599991,-38.50826228599993],[-72.11122376399993,-38.507253068999944],[-72.08737937699993,-38.44794592899996],[-72.0928873819999,-38.44656730799994],[-72.08606805199992,-38.42699880099991],[-72.08705064199995,-38.424787454999944],[-72.0912547769999,-38.423999084999934],[-72.09680244099991,-38.420951627999955],[-72.11277942499993,-38.42191842299991],[-72.12086607099991,-38.419352759999924]]]}},{"type":"Feature","properties":{"cut":9111,"comuna":"NUEVA IMPERIAL"},"geometry":{"type":"Polygon","coordinates":[[[-73.0532403169999,-38.49414753099995],[-73.05119797599991,-38.49501312199993],[-73.05015980499991,-38.4976630779999],[-73.05244354299992,-38.50054404399992],[-73.05541996999995,-38.509253035999905],[-73.05086235899995,-38.512060739999924],[-73.05178923599993,-38.517162836999944],[-73.05332345699992,-38.51877878899995],[-73.06044599799992,-38.51867624999994],[-73.06391884399994,-38.52328876599995],[-73.06576232599991,-38.52349044999994],[-73.07389076599992,-38.52305228799992],[-73.0854396389999,-38.51730352799996],[-73.09242363999994,-38.51600732499992],[-73.0960812109999,-38.51656697799996],[-73.10079447899994,-38.519454965999955],[-73.09964150699994,-38.52543305599994],[-73.09551112499992,-38.527397900999915],[-73.09484589599992,-38.53103651299995],[-73.09676067799995,-38.535780392999925],[-73.09617210599993,-38.54003167399992],[-73.10047120099995,-38.546235521999904],[-73.09886687699992,-38.55635565499995],[-73.09758435799995,-38.557663620999904],[-73.10146964799992,-38.56085321499995],[-73.10730692099992,-38.56071348699993],[-73.1137780549999,-38.56384564299992],[-73.1171727709999,-38.564021959999934],[-73.12250211199995,-38.568221079999944],[-73.12595836199995,-38.56816384599995],[-73.12562083099994,-38.56961370699992],[-73.12340130199993,-38.57033054699991],[-73.12318585399993,-38.572489714999904],[-73.12328094599991,-38.57614066699995],[-73.12627646499993,-38.57629680499991],[-73.12554586699991,-38.580114746999925],[-73.12410315199992,-38.58283995599993],[-73.1202113889999,-38.58531857299994],[-73.11986950499994,-38.58816503199995],[-73.12232886999993,-38.59071406499993],[-73.12139170899991,-38.592118237999955],[-73.12344591399994,-38.595489743999906],[-73.1179032849999,-38.59792375899991],[-73.11417086699993,-38.60184195799991],[-73.10275229799993,-38.60315764099994],[-73.10046263999993,-38.60722042599991],[-73.10066706799995,-38.609674697999935],[-73.10208932799992,-38.61042315599991],[-73.10165353799994,-38.61265978699993],[-73.10369133699993,-38.61497709099996],[-73.10177340099995,-38.618541309999955],[-73.09955207399992,-38.61969467199992],[-73.09886473599994,-38.6234860749999],[-73.10069031799992,-38.62933672999992],[-73.09880252999994,-38.630950534999954],[-73.09978193499995,-38.632714550999935],[-73.09425810099992,-38.64487035999991],[-73.09562011299994,-38.64466277199995],[-73.09669406799992,-38.64823051099995],[-73.09874710199995,-38.650246281999955],[-73.09793313499995,-38.6530263919999],[-73.09953818799994,-38.65463388199993],[-73.09667148199992,-38.65703368499993],[-73.09672615499994,-38.65944495999992],[-73.09959254299991,-38.661054950999926],[-73.10263090699993,-38.66546100499994],[-73.09677315099992,-38.66681203399992],[-73.09727313899992,-38.668086184999936],[-73.09135527299992,-38.671111021999934],[-73.08646014999994,-38.677995205999935],[-73.0841900989999,-38.678867976999925],[-73.08468264499993,-38.68196819299993],[-73.08031977899992,-38.683489668999925],[-73.07746511399995,-38.68631506299994],[-73.07451930899992,-38.69456314999991],[-73.0755018129999,-38.69857278399991],[-73.07092359299992,-38.70364395999991],[-73.07087578499994,-38.70597620299992],[-73.07409384599993,-38.70666666799991],[-73.0800632719999,-38.71811619299996],[-73.08389477599991,-38.714728099999945],[-73.09448830899993,-38.71267776299993],[-73.09503444899991,-38.719346654999924],[-73.09000957899991,-38.724868718999915],[-73.08062679499994,-38.731603020999955],[-73.08073306999995,-38.74081752099994],[-73.07821485599993,-38.74328863599993],[-73.07869010399992,-38.74613480399995],[-73.0763775879999,-38.75003891199992],[-73.07261453699994,-38.75122937999993],[-73.07251919999993,-38.75354353799992],[-73.07020115699993,-38.75354582499995],[-73.06914239699995,-38.75483036899993],[-73.06959128699992,-38.75677506899996],[-73.06709794799991,-38.75841883299995],[-73.06865698299993,-38.7617109599999],[-73.06609413599995,-38.76195240299995],[-73.06632557199993,-38.76459633999991],[-73.0651083699999,-38.765639438999926],[-73.06648354599992,-38.76881591499995],[-73.06557086099991,-38.77137577299993],[-73.06826633999992,-38.77419319299992],[-73.0687930069999,-38.7786711519999],[-73.07542924899991,-38.78070442699993],[-73.07778035799993,-38.78542413799994],[-73.07586790599993,-38.78751013999994],[-73.07763523099993,-38.78919267899994],[-73.07554491299993,-38.79119915699994],[-73.07652066199995,-38.79411663299993],[-73.07497820099991,-38.79723140699991],[-73.07482548699994,-38.803707484999904],[-73.07654721599994,-38.80602148199995],[-73.08158291299992,-38.807512997999936],[-73.08527732899995,-38.810524578999946],[-73.0900040169999,-38.80961317999993],[-73.09688489299992,-38.81160774299991],[-73.09849890799995,-38.81498906399992],[-73.09743622799994,-38.817377578999924],[-73.10125084499992,-38.82119255799995],[-73.09987106099993,-38.82651788399994],[-73.1017090599999,-38.82762904099991],[-73.10066171199992,-38.829220395999926],[-73.10101277599995,-38.833402494999916],[-73.09852675799993,-38.83585796299991],[-73.09888081999992,-38.83946343699995],[-73.09658177499995,-38.84172817599995],[-73.08854759499991,-38.84197537999995],[-73.0894360609999,-38.842868445999954],[-73.08774888699992,-38.8445618369999],[-73.08675518699994,-38.848564247999946],[-73.09188032399993,-38.851914424999904],[-73.09323060999992,-38.85507214099994],[-73.09928025599993,-38.85413457099992],[-73.09904320499993,-38.85673475099992],[-73.1032275689999,-38.86194780599993],[-73.10153679599995,-38.86712839699993],[-73.10001454499991,-38.868243460999906],[-73.10167472699993,-38.87090603899992],[-73.10014222799992,-38.873782487999904],[-73.10103868699991,-38.8838933209999],[-73.0990882449999,-38.88724500799992],[-73.09919650699993,-38.891752004999944],[-73.09502010999995,-38.8966531879999],[-73.09512114499995,-38.900289743999906],[-73.09334374399992,-38.898884781999925],[-73.08503664699992,-38.89824153299992],[-73.07654640599992,-38.8949259229999],[-73.07320277799994,-38.89215756599992],[-73.06557984799991,-38.892317033999916],[-73.05900408999992,-38.89394237699992],[-73.0554694139999,-38.89637492299994],[-73.04838401699993,-38.896691278999924],[-73.04495493599995,-38.89921263699995],[-73.04133739499991,-38.89958510799994],[-73.04046863699995,-38.900620234999906],[-73.0411672159999,-38.903154867999945],[-73.03765581099992,-38.90540354099994],[-73.0355664139999,-38.91214472599995],[-73.0340175899999,-38.91281089799992],[-73.03194465999991,-38.91024406199995],[-73.02940712499992,-38.91254843599995],[-73.02308400299995,-38.908945341999924],[-73.01901246799991,-38.89650862299993],[-73.0014040339999,-38.90049669799993],[-72.9927042299999,-38.89457695199991],[-72.9602025449999,-38.90164429799995],[-72.95665382099992,-38.89620056399991],[-72.95724103499992,-38.89374779199994],[-72.94980959199995,-38.893985648999944],[-72.94697636699993,-38.89558022499995],[-72.93534749499992,-38.89757810499992],[-72.93576462699991,-38.90166262799994],[-72.93447030199991,-38.90305433899994],[-72.92902976499994,-38.9003764869999],[-72.92065910499991,-38.89879953099995],[-72.9171600279999,-38.895308739999905],[-72.91054117599992,-38.89491562299992],[-72.9042490569999,-38.89189250499993],[-72.89853815599992,-38.89310080999991],[-72.89450461299992,-38.892284772999915],[-72.88873542499994,-38.888788209999916],[-72.87865513199995,-38.89159232199995],[-72.88079243899995,-38.90271369299995],[-72.87277721799995,-38.9125956389999],[-72.86984828699991,-38.90877543199991],[-72.86540152399994,-38.90763999399991],[-72.85871997899994,-38.908819052999945],[-72.85207938099995,-38.91190171899996],[-72.83425131099995,-38.90937824899993],[-72.82510470799991,-38.91165438899992],[-72.81866953999992,-38.9051145759999],[-72.8167127289999,-38.89991969499994],[-72.81738623699994,-38.89851976299991],[-72.79899178699992,-38.853010111999936],[-72.8010234429999,-38.852854918999924],[-72.80331138999992,-38.849926560999904],[-72.80675277899991,-38.849188425999955],[-72.8083539399999,-38.84704556199995],[-72.80687162699991,-38.84596630699991],[-72.80794012599995,-38.845595432999914],[-72.80718579199993,-38.844251637999946],[-72.80861828699994,-38.84093133199991],[-72.80717932199991,-38.838654781999935],[-72.80796370799993,-38.836624479999955],[-72.81395326199993,-38.835079066999924],[-72.81687797799992,-38.833035999999936],[-72.81655079899991,-38.82826415399995],[-72.81299428999995,-38.826163626999914],[-72.8140856839999,-38.82099680199991],[-72.82312994299991,-38.817261181999925],[-72.82978878199992,-38.811183642999936],[-72.84067209699992,-38.80833637699993],[-72.83647653999992,-38.79812738399994],[-72.82702226099991,-38.78562138099994],[-72.8201315789999,-38.76677068099991],[-72.81720881799993,-38.75345577999991],[-72.81209533599991,-38.74196230599995],[-72.81631986899993,-38.73994077799995],[-72.81833375799994,-38.73632430899994],[-72.8133806699999,-38.72550041799991],[-72.81408920199993,-38.71706647199994],[-72.81617230699993,-38.71400914199995],[-72.81947858899991,-38.713469923999924],[-72.8266108649999,-38.70890015599991],[-72.83622849699992,-38.710141810999914],[-72.83986947299991,-38.70881881799994],[-72.85039932599994,-38.70226568999993],[-72.85535035799995,-38.6972450639999],[-72.86057317299992,-38.695337036999945],[-72.87160909399995,-38.68742129599991],[-72.87451712899991,-38.68715176899991],[-72.87656515099991,-38.67969638099993],[-72.88238035599994,-38.671800323999946],[-72.89001941099991,-38.668581556999925],[-72.8906886819999,-38.64890022299994],[-72.89822718499994,-38.656599231999905],[-72.90372360999993,-38.65732465199994],[-72.9078631459999,-38.65936880299995],[-72.90991622599995,-38.6529237389999],[-72.91428157399992,-38.64874853899994],[-72.91554920999994,-38.64571001799993],[-72.92330144099992,-38.6416996879999],[-72.93049010099992,-38.63992107099995],[-72.93717651999992,-38.634338115999924],[-72.9630026239999,-38.62651080999996],[-72.96328327799995,-38.63071899899995],[-72.96953996699995,-38.63480149499992],[-72.9790105109999,-38.635794517999955],[-72.9805248749999,-38.63916814499993],[-72.9866844849999,-38.642495665999945],[-72.99186719199992,-38.639886077999904],[-72.99296432499995,-38.64107179699994],[-72.99609624499993,-38.64092727099995],[-73.00727105599992,-38.64545739499994],[-73.0087140199999,-38.648184500999946],[-73.03095434099993,-38.64330493499995],[-73.0318394809999,-38.641345057999956],[-73.02950932099992,-38.640557979999926],[-73.02973701799993,-38.63908850999991],[-73.03215462599991,-38.638408356999946],[-73.03335085499992,-38.635126043999946],[-73.03652815299995,-38.63451713999996],[-73.03597132699991,-38.631453147999935],[-73.03954850899993,-38.62912531499995],[-73.04491503699995,-38.628998887999956],[-73.04747575899995,-38.6252751639999],[-73.04717206099991,-38.62241818399991],[-73.04602410399991,-38.62175924699994],[-73.04697355799993,-38.620711832999916],[-73.04527986099993,-38.61857952399993],[-73.04469102999991,-38.61478064999994],[-73.04331113699993,-38.61407726099992],[-73.04412159999993,-38.61259502599995],[-73.04119909299993,-38.61060429899993],[-73.03704686799995,-38.60228081699995],[-73.0374264909999,-38.600047306999954],[-73.04661636299994,-38.598014829999954],[-73.0360847789999,-38.575655953999956],[-73.00814462599993,-38.506109453999954],[-73.0532403169999,-38.49414753099995]]]}},{"type":"Feature","properties":{"cut":9112,"comuna":"PADRE LAS CASAS"},"geometry":{"type":"Polygon","coordinates":[[[-72.49147599999992,-38.689385683999944],[-72.50056694099993,-38.68830314199994],[-72.50276054599993,-38.68624743999993],[-72.51067238099995,-38.68436645799994],[-72.51084557199994,-38.68814889399994],[-72.51621697899992,-38.69623356499994],[-72.52316097699992,-38.70006829399995],[-72.52599768199991,-38.703225371999906],[-72.53778332599995,-38.708241254999905],[-72.54123572299994,-38.71712041399991],[-72.54922574099993,-38.7211414219999],[-72.5503931209999,-38.732209972999954],[-72.56841974899993,-38.73974209699992],[-72.58068689699991,-38.74883048999993],[-72.5866973329999,-38.74904705699993],[-72.59220712199993,-38.75080167699991],[-72.60066420999993,-38.755791905999956],[-72.60724160699993,-38.7580393959999],[-72.6131445819999,-38.758469034999905],[-72.6192172829999,-38.762585514999955],[-72.6316605799999,-38.7617287729999],[-72.6395303459999,-38.762643100999924],[-72.6461485769999,-38.76533540199995],[-72.65300857799991,-38.76378792999992],[-72.65854524699995,-38.75965477199992],[-72.66422569799994,-38.75873544399991],[-72.66885103299995,-38.76204390699991],[-72.6712817529999,-38.76821484399994],[-72.6772007209999,-38.77087540499991],[-72.68073155499991,-38.77407923299995],[-72.6824969409999,-38.77420201499996],[-72.68864182999994,-38.766138603999934],[-72.70018340299993,-38.76495623899996],[-72.7084865999999,-38.767150038999944],[-72.71769405399994,-38.7666095429999],[-72.72556303499994,-38.77578605699995],[-72.7322770209999,-38.774122777999935],[-72.74905578999994,-38.77731705699995],[-72.75463948599992,-38.77572829899992],[-72.76174826199991,-38.776543654999955],[-72.77000617899995,-38.77959245799991],[-72.78648969599993,-38.77831039999995],[-72.7903380429999,-38.78191796699991],[-72.80449319299993,-38.77928382099992],[-72.8123295929999,-38.78232427499995],[-72.81928584899993,-38.77617888099991],[-72.82237271199995,-38.77569442399994],[-72.82345187299995,-38.776016281999944],[-72.82740180499991,-38.786487533999946],[-72.83134930599994,-38.790148864999935],[-72.83647653999992,-38.79812738399994],[-72.84067209699992,-38.80833637699993],[-72.82978878199992,-38.811183642999936],[-72.8222470469999,-38.817809430999944],[-72.8149525039999,-38.82030310399995],[-72.81299428999995,-38.826163626999914],[-72.8048779369999,-38.83275056999992],[-72.79018222099995,-38.83306886399993],[-72.7875325899999,-38.83808038299992],[-72.7760240689999,-38.841857804999904],[-72.75579833499995,-38.83636210299994],[-72.73973804299993,-38.835770228999934],[-72.73279543599995,-38.83829965199993],[-72.72134099199991,-38.83806023499994],[-72.72129732899992,-38.84309210299995],[-72.7174647189999,-38.84543781499991],[-72.71360164799995,-38.845771458999934],[-72.70743610499994,-38.84377852199992],[-72.71079461999994,-38.838581132999934],[-72.71080384499993,-38.83607430799992],[-72.70434532099995,-38.83166037299992],[-72.69819035799992,-38.831828464999944],[-72.69367561399991,-38.83479524299992],[-72.68488730999991,-38.837788435999926],[-72.67787350099991,-38.834749045999956],[-72.6747889209999,-38.83118676599992],[-72.67030394599993,-38.83074133899993],[-72.65733607499993,-38.83812891799994],[-72.6542186129999,-38.83689441899992],[-72.65301216699993,-38.832916850999936],[-72.64797719499995,-38.82872870099993],[-72.6445156879999,-38.8285995839999],[-72.64224927599992,-38.83219563799992],[-72.64056852899995,-38.83226552499991],[-72.63797306899994,-38.829312959999925],[-72.63798295299995,-38.826146055999914],[-72.63608605899992,-38.82558846999996],[-72.63242672199993,-38.82885943799994],[-72.6351872109999,-38.82939749299993],[-72.63590128999994,-38.83102888099995],[-72.63510675899994,-38.836553359999925],[-72.62636802399993,-38.83681833899993],[-72.62467682999994,-38.8396546269999],[-72.62500875899991,-38.84747677699994],[-72.62223701399995,-38.852459247999946],[-72.6111162329999,-38.85483797899991],[-72.60211212099995,-38.852604852999946],[-72.60135581999992,-38.855695659999924],[-72.60398996399994,-38.85980781599994],[-72.6024694109999,-38.86259007199993],[-72.58775110899995,-38.86298395199992],[-72.57575020899992,-38.86713535399991],[-72.57198239399992,-38.87112981699994],[-72.5699226079999,-38.87034211099996],[-72.5702079969999,-38.86845318299993],[-72.56465506699993,-38.86767901699994],[-72.56331116099994,-38.869033387999934],[-72.56683658299994,-38.87137422099994],[-72.56672684499995,-38.872691785999905],[-72.55900638899993,-38.87171125499992],[-72.55943874999991,-38.8695453709999],[-72.56112995299992,-38.8688478009999],[-72.55908448299994,-38.86753583899991],[-72.55296352999994,-38.87177241599994],[-72.55216859299992,-38.86833843699992],[-72.55074473899992,-38.867352196999946],[-72.54755352299992,-38.87470971199991],[-72.54571117599994,-38.87491826999991],[-72.54593112799995,-38.87323360899995],[-72.54496714499993,-38.87311501699992],[-72.5436103909999,-38.87388791299992],[-72.54359716099992,-38.875821225999914],[-72.54199325199994,-38.87624329699992],[-72.53903513099993,-38.87509648099996],[-72.54458284499992,-38.87066089299992],[-72.54471891299994,-38.86859013299994],[-72.54321226099995,-38.867244538999955],[-72.53371888399994,-38.86515840699991],[-72.52269404899994,-38.86658740099995],[-72.5204496689999,-38.8655386879999],[-72.51897818099991,-38.868182858999944],[-72.51702647899992,-38.86753953099992],[-72.51785364499995,-38.86605554099992],[-72.51447767899992,-38.86549508899992],[-72.51033976399992,-38.86711405299991],[-72.51464859299995,-38.86854523199992],[-72.51489107099991,-38.86987172799991],[-72.51135937099991,-38.87114803999992],[-72.51296036399992,-38.87216873199992],[-72.51299876599995,-38.87387689499991],[-72.50823404999994,-38.87565829999994],[-72.51077516499993,-38.87725769299993],[-72.50690760999993,-38.8773958779999],[-72.50425274299994,-38.87530293899994],[-72.5059373169999,-38.87735262199993],[-72.5010937749999,-38.87888427699994],[-72.4995389739999,-38.87601291699991],[-72.49768336499994,-38.87732460299992],[-72.49199524499994,-38.87613485599991],[-72.48643980799994,-38.878906532999906],[-72.47763589999994,-38.878622900999915],[-72.46905638899995,-38.88240591099992],[-72.46221996199995,-38.88322147899993],[-72.4597670839999,-38.88216353699994],[-72.45479497799994,-38.88421301099993],[-72.45160428399993,-38.883260434999954],[-72.44956288399993,-38.880391319999944],[-72.43679194799995,-38.88087733799995],[-72.43430205399994,-38.87889907199991],[-72.42969202099994,-38.88152303399994],[-72.42829937899995,-38.88068599399992],[-72.42080024799992,-38.882547652999904],[-72.41942599499993,-38.88526519399994],[-72.4167861439999,-38.886878063999916],[-72.41259607399991,-38.88524459799993],[-72.4092732869999,-38.8857610039999],[-72.4068498119999,-38.88880646399991],[-72.40388612699991,-38.8888937289999],[-72.40174501999991,-38.89070654599993],[-72.3962601849999,-38.89176003499995],[-72.39395498499994,-38.890348134999954],[-72.38933271099995,-38.890983595999955],[-72.38835101299992,-38.89012824699995],[-72.3870985069999,-38.892690445999904],[-72.38430111499991,-38.890028525999924],[-72.37214952399995,-38.898341554999945],[-72.36760481599993,-38.89611737799993],[-72.3646235679999,-38.89908627799991],[-72.36029732399993,-38.898128078999946],[-72.35856579099993,-38.90044036499995],[-72.35436577299993,-38.897984727999926],[-72.3519580759999,-38.90012391399995],[-72.35039712699995,-38.89848028999995],[-72.3463113219999,-38.90306784599994],[-72.34331855499994,-38.902797026999906],[-72.34162188599993,-38.90533508099992],[-72.34016966799993,-38.90479745499994],[-72.33804998599993,-38.906983451999906],[-72.3337917469999,-38.908267973999955],[-72.32270130299992,-38.87971232099994],[-72.32954871699991,-38.87813027199991],[-72.32520350599992,-38.866346397999905],[-72.32893293299992,-38.865836189999925],[-72.3294196139999,-38.86443734599993],[-72.33748296999994,-38.86365756299995],[-72.3386527799999,-38.862359849999905],[-72.33755016099991,-38.86185719899993],[-72.33743796099992,-38.85949865899994],[-72.34350070399995,-38.85612761099992],[-72.34414192999992,-38.85044586499993],[-72.35035981199991,-38.85035762599995],[-72.35539189899993,-38.84804373399993],[-72.36165349999993,-38.84948996599991],[-72.37006448799991,-38.84848427899993],[-72.37899529499992,-38.85045521599994],[-72.38094557799991,-38.84919992999994],[-72.37808034499994,-38.848609300999954],[-72.37761212599992,-38.84702453099993],[-72.38656800599995,-38.842860249999944],[-72.3898099669999,-38.84592847399995],[-72.38797028199991,-38.84777933399994],[-72.39056051999995,-38.849263092999934],[-72.40552028699994,-38.84872991299994],[-72.40570316199995,-38.851580429999956],[-72.4030507889999,-38.85420340699994],[-72.4010083579999,-38.85440481599994],[-72.40110828099995,-38.85562771399992],[-72.41354821599992,-38.85529912399994],[-72.42901783699995,-38.84611667199994],[-72.43147029199991,-38.84169674499992],[-72.43464426899993,-38.84221659199994],[-72.43011312099992,-38.830496385999936],[-72.43251401299995,-38.829944258999944],[-72.43293694099992,-38.827566824999906],[-72.42988958199993,-38.81921600599992],[-72.43414071299992,-38.82000396899991],[-72.43398391599993,-38.82080238499992],[-72.4379578299999,-38.82038511399992],[-72.43962745999994,-38.822282240999925],[-72.44086272899995,-38.82159755799995],[-72.44363903199991,-38.82320804699992],[-72.44430031099995,-38.82065926599995],[-72.4456728369999,-38.82249574699995],[-72.44884269799991,-38.82066851199994],[-72.4548149709999,-38.82126151499995],[-72.44772774499995,-38.81625416499992],[-72.44544365999991,-38.81777190199995],[-72.4436350869999,-38.81690016099992],[-72.43857641199992,-38.81059781499994],[-72.43437859399995,-38.81241596399991],[-72.4309753249999,-38.80317048199993],[-72.4279420549999,-38.80236214699994],[-72.4270146849999,-38.80046749199994],[-72.42327332999992,-38.803196191999916],[-72.42128695499991,-38.7985660569999],[-72.42433169599991,-38.79646345899994],[-72.4161499139999,-38.79382439799991],[-72.41301870599995,-38.789310422999904],[-72.41319844999992,-38.786418296999955],[-72.41772389399995,-38.78693862099993],[-72.4196874829999,-38.78553423899996],[-72.41927652899994,-38.780777042999944],[-72.41219206399995,-38.77680016499994],[-72.41737332499991,-38.774297532999924],[-72.4141091489999,-38.77141427799995],[-72.4147709849999,-38.767050206999954],[-72.41237536799991,-38.76429825999992],[-72.40288117999995,-38.761511251999934],[-72.40389899999991,-38.75807414999991],[-72.40311905899995,-38.7542562669999],[-72.39435726099993,-38.75650592199992],[-72.3908290629999,-38.753269072999956],[-72.38626897699993,-38.75145994299993],[-72.38243904799992,-38.74596474599991],[-72.38505567199991,-38.745712296999955],[-72.39248708199995,-38.74843701299994],[-72.39341966899991,-38.74762827099994],[-72.38213132499993,-38.73916471799993],[-72.37914271699992,-38.73909950199993],[-72.37934880899991,-38.737516677999906],[-72.42713961099992,-38.72637450099995],[-72.4257242189999,-38.72303805599995],[-72.43430507499994,-38.7202787139999],[-72.44679403299995,-38.72056579999992],[-72.4600039039999,-38.723394485999904],[-72.46505627099992,-38.726391864999925],[-72.46858832099991,-38.72558998299991],[-72.47166470899992,-38.726679212999954],[-72.4671696119999,-38.714020975999915],[-72.4627048509999,-38.71508624599994],[-72.46115332799991,-38.70997419699995],[-72.4592187959999,-38.71040551099992],[-72.45642103199992,-38.70332446099991],[-72.44914124499991,-38.70412839399995],[-72.44864680299992,-38.70046702099995],[-72.45676009099992,-38.69796569199991],[-72.4623852659999,-38.69911960499991],[-72.46330387699993,-38.69756732499991],[-72.47195471499992,-38.69626364399994],[-72.4761279359999,-38.693367061999936],[-72.47737064699993,-38.69033052399993],[-72.48418962399995,-38.68798611799991],[-72.49147599999992,-38.689385683999944]]]}},{"type":"Feature","properties":{"cut":9119,"comuna":"VILCÚN"},"geometry":{"type":"Polygon","coordinates":[[[-72.2240874439999,-38.55617514599993],[-72.2269562269999,-38.55665312799994],[-72.23046329199991,-38.56114644699994],[-72.23829975299992,-38.55913086599992],[-72.23834803199992,-38.5577174469999],[-72.24203972099991,-38.557590844999936],[-72.24207416999991,-38.56071016199991],[-72.2447643829999,-38.561095218999924],[-72.2499430229999,-38.56000076499993],[-72.2488519069999,-38.55755271499993],[-72.25301994799992,-38.557176468999955],[-72.2563210049999,-38.56093592299993],[-72.25487418699993,-38.56413195899995],[-72.25590501599993,-38.56531839899992],[-72.25780008699991,-38.56299438499991],[-72.2595534109999,-38.564698920999945],[-72.26014855599993,-38.56290962799994],[-72.2640424299999,-38.56438516299994],[-72.2650515489999,-38.56337677999994],[-72.26545140999991,-38.564341429999956],[-72.26878622799995,-38.56242517499993],[-72.28122543199993,-38.56406520799993],[-72.2845393739999,-38.567010404999905],[-72.28883848699991,-38.56816370899992],[-72.29724200499993,-38.56605554899994],[-72.30145682699992,-38.57082897299995],[-72.29927079799995,-38.57596702299992],[-72.3009822269999,-38.57578167499992],[-72.3015210929999,-38.57427498799996],[-72.30564196999995,-38.57475805699994],[-72.30593650599991,-38.57307094299995],[-72.30993486199992,-38.573506563999956],[-72.3083960479999,-38.57479549199991],[-72.31039713299992,-38.579046417999905],[-72.30661504799991,-38.58155454599995],[-72.31023343099992,-38.59180008399994],[-72.31571695799994,-38.594316997999954],[-72.3212811539999,-38.61049072599991],[-72.32443184999994,-38.609504210999944],[-72.33014106299993,-38.614454930999955],[-72.33248074099993,-38.613760517999935],[-72.33244637799993,-38.61468773999991],[-72.34035432399992,-38.61575533999991],[-72.34631221699993,-38.619436056999916],[-72.34903305499995,-38.61981311799991],[-72.34992554799993,-38.622027233999916],[-72.35469255599992,-38.624153373999945],[-72.36447388199991,-38.624734650999926],[-72.36453372999995,-38.626177569999925],[-72.3680411329999,-38.6272566639999],[-72.36938268599994,-38.63120612599994],[-72.37152439399995,-38.63239853999994],[-72.37735514699995,-38.63279526799994],[-72.3881881019999,-38.63679937299992],[-72.39664301499994,-38.6375060119999],[-72.40324927299991,-38.64135597899991],[-72.40448688299995,-38.646852441999954],[-72.40761930199994,-38.64798060299995],[-72.4085235739999,-38.65235691499993],[-72.41339862399991,-38.652622555999926],[-72.41827304399993,-38.654586338999934],[-72.4195454309999,-38.653650376999906],[-72.42179695399994,-38.65428569599993],[-72.42442733299993,-38.657235846999924],[-72.4268118139999,-38.657973108999954],[-72.42617998599991,-38.65965305499992],[-72.42859136399994,-38.65992236099993],[-72.43013575799995,-38.65760474499996],[-72.43181125299992,-38.658267752999905],[-72.43924344299995,-38.66687258099995],[-72.44079925299991,-38.67083241599994],[-72.46146135999993,-38.66657511699992],[-72.45442512299991,-38.648494402999916],[-72.46943515899994,-38.64503516599996],[-72.48542972299992,-38.66333613499995],[-72.51356672899993,-38.674837590999914],[-72.52024971499992,-38.67947130399995],[-72.51275973999992,-38.68092189999993],[-72.51423634699995,-38.682948203999956],[-72.51357860599995,-38.684358353999926],[-72.50765429599994,-38.68446903599994],[-72.50056694099993,-38.68830314199994],[-72.49122801899995,-38.689409059999946],[-72.48418962399995,-38.68798611799991],[-72.47737064699993,-38.69033052399993],[-72.4761279359999,-38.693367061999936],[-72.47195471499992,-38.69626364399994],[-72.46330387699993,-38.69756732499991],[-72.4623852659999,-38.69911960499991],[-72.45676009099992,-38.69796569199991],[-72.44864680299992,-38.70046702099995],[-72.44914124499991,-38.70412839399995],[-72.45642103199992,-38.70332446099991],[-72.4592187959999,-38.71040551099992],[-72.46115332799991,-38.70997419699995],[-72.4627048509999,-38.71508624599994],[-72.4671696119999,-38.714020975999915],[-72.47166470899992,-38.726679212999954],[-72.46858832099991,-38.72558998299991],[-72.46505627099992,-38.726391864999925],[-72.4600039039999,-38.723394485999904],[-72.44679403299995,-38.72056579999992],[-72.43430507499994,-38.7202787139999],[-72.4257242189999,-38.72303805599995],[-72.42713961099992,-38.72637450099995],[-72.37934880899991,-38.737516677999906],[-72.37914271699992,-38.73909950199993],[-72.38213132499993,-38.73916471799993],[-72.39341966899991,-38.74762827099994],[-72.39248708199995,-38.74843701299994],[-72.38505567199991,-38.745712296999955],[-72.38243904799992,-38.74596474599991],[-72.38626897699993,-38.75145994299993],[-72.3908290629999,-38.753269072999956],[-72.39435726099993,-38.75650592199992],[-72.40311905899995,-38.7542562669999],[-72.40389899999991,-38.75807414999991],[-72.40288117999995,-38.761511251999934],[-72.41237536799991,-38.76429825999992],[-72.4147709849999,-38.767050206999954],[-72.4141091489999,-38.77141427799995],[-72.41737332499991,-38.774297532999924],[-72.41219206399995,-38.77680016499994],[-72.41927652899994,-38.780777042999944],[-72.4196874829999,-38.78553423899996],[-72.41772389399995,-38.78693862099993],[-72.41319844999992,-38.786418296999955],[-72.41301870599995,-38.789310422999904],[-72.4161499139999,-38.79382439799991],[-72.42433169599991,-38.79646345899994],[-72.42128695499991,-38.7985660569999],[-72.42327332999992,-38.803196191999916],[-72.4270146849999,-38.80046749199994],[-72.4279420549999,-38.80236214699994],[-72.4309753249999,-38.80317048199993],[-72.43437859399995,-38.81241596399991],[-72.43857641199992,-38.81059781499994],[-72.4438264069999,-38.817024793999906],[-72.44544365999991,-38.81777190199995],[-72.44772774499995,-38.81625416499992],[-72.45471245199991,-38.82098132099992],[-72.44884269799991,-38.82066851199994],[-72.4456728369999,-38.82249574699995],[-72.44430031099995,-38.82065926599995],[-72.44363903199991,-38.82320804699992],[-72.44086272899995,-38.82159755799995],[-72.43962745999994,-38.822282240999925],[-72.4379578299999,-38.82038511399992],[-72.43398391599993,-38.82080238499992],[-72.43414071299992,-38.82000396899991],[-72.42988958199993,-38.81921600599992],[-72.43293694099992,-38.827566824999906],[-72.43251401299995,-38.829944258999944],[-72.43011312099992,-38.830496385999936],[-72.43464426899993,-38.84221659199994],[-72.43147029199991,-38.84169674499992],[-72.42901783699995,-38.84611667199994],[-72.4134257469999,-38.85532013599993],[-72.40110828099995,-38.85562771399992],[-72.4010083579999,-38.85440481599994],[-72.4030507889999,-38.85420340699994],[-72.40570316199995,-38.851580429999956],[-72.40552028699994,-38.84872991299994],[-72.39056051999995,-38.849263092999934],[-72.38815222999995,-38.84804918799995],[-72.38979018999993,-38.84586496499992],[-72.38618806199992,-38.84285399499993],[-72.37761212599992,-38.84702453099993],[-72.37808034499994,-38.848609300999954],[-72.38094557799991,-38.84919992999994],[-72.37920634299991,-38.85041440999993],[-72.37006448799991,-38.84848427899993],[-72.36165349999993,-38.84948996599991],[-72.35539189899993,-38.84804373399993],[-72.3501486799999,-38.85040026099995],[-72.33471953399993,-38.84964842799991],[-72.33527215799995,-38.853500511999925],[-72.33198767399995,-38.85495944899992],[-72.32911928399994,-38.853904480999915],[-72.32680103199993,-38.85505407599993],[-72.32300868999994,-38.852947584999924],[-72.32705492899993,-38.851275003999945],[-72.3265880589999,-38.85002841799991],[-72.32167331799991,-38.85167619199996],[-72.3195910579999,-38.8468031189999],[-72.31505284399992,-38.841422777999924],[-72.3124012479999,-38.840811764999955],[-72.30601957199991,-38.842190848999905],[-72.30234534099992,-38.84145701299991],[-72.29998015399991,-38.83937216499993],[-72.29525113499994,-38.84136391399994],[-72.29230876499992,-38.83849563199993],[-72.29326037999994,-38.83701449599994],[-72.2926664869999,-38.83478623199994],[-72.28772492799993,-38.83539179499991],[-72.28789947299992,-38.833284428999946],[-72.28239292599994,-38.83422546799994],[-72.28367044499993,-38.832687524999926],[-72.27958565699993,-38.832273727999905],[-72.27895784399993,-38.83038302399996],[-72.27703696599991,-38.82966233299993],[-72.27459663699995,-38.830858271999944],[-72.27470581999995,-38.82913789999992],[-72.2719541319999,-38.82948226399992],[-72.27264891899995,-38.831048720999945],[-72.27179435799991,-38.83149414299993],[-72.2701566099999,-38.83100505899995],[-72.26932043099993,-38.82880043499995],[-72.26676177399992,-38.82875920299995],[-72.26359277699993,-38.83252807999992],[-72.25957272099993,-38.82821039999993],[-72.25582032199992,-38.82843115899993],[-72.25630027799991,-38.82721572499992],[-72.25225845199992,-38.82493802899995],[-72.25235780399993,-38.82381013499992],[-72.24777889199993,-38.82558166799993],[-72.24719648099995,-38.822782085999904],[-72.24914046399994,-38.821069320999925],[-72.24140476799994,-38.82042220499994],[-72.2407422629999,-38.81825473099991],[-72.23898875599991,-38.81793193199991],[-72.23760237099992,-38.815840178999906],[-72.24178463899995,-38.81431286499992],[-72.23311960399991,-38.814925571999936],[-72.22801429399993,-38.81140398799994],[-72.22811787199993,-38.809817912999904],[-72.22665069399994,-38.810440000999904],[-72.22673240899991,-38.807792063999955],[-72.22235862999992,-38.80936079599991],[-72.21913285399995,-38.807260812999914],[-72.21684042299995,-38.80905723099994],[-72.2122892459999,-38.80816949299992],[-72.20516328899993,-38.809642065999924],[-72.19953095499994,-38.80873537499991],[-72.19448106699991,-38.80552151599994],[-72.19190950299992,-38.808345413999916],[-72.18578006299992,-38.808353767999904],[-72.18243747299994,-38.80509484499993],[-72.17920758199995,-38.80533800199993],[-72.17881127299995,-38.803480271999945],[-72.17661413899992,-38.80592113199992],[-72.17440653699992,-38.80444545599994],[-72.1669774579999,-38.80470947799995],[-72.1646890209999,-38.80579624199993],[-72.16380549799993,-38.80813959599993],[-72.15622776999993,-38.809126206999906],[-72.15174469699991,-38.81212552199992],[-72.1493115259999,-38.815658673999906],[-72.14329707299993,-38.815077053999914],[-72.1372134369999,-38.81828333099992],[-72.13590365899995,-38.81967075499995],[-72.13635509199992,-38.820936273999905],[-72.13042071099994,-38.820648209999945],[-72.12995969399992,-38.82203934599994],[-72.1274212479999,-38.82278536699994],[-72.11102332599995,-38.82298228499991],[-72.10938419799993,-38.824340374999906],[-72.10161615299995,-38.823440827999946],[-72.10103954099992,-38.82138923899993],[-72.09865755399994,-38.8227562429999],[-72.09389971199994,-38.82080083599993],[-72.09345225699991,-38.82297404199994],[-72.0908450419999,-38.822420414999954],[-72.0861979689999,-38.82471373599992],[-72.08688270099992,-38.82731654799994],[-72.0808132599999,-38.82670399199992],[-72.07114773599994,-38.82931324099991],[-72.0693595489999,-38.827227800999935],[-72.06312040499995,-38.82739531099992],[-72.0620111369999,-38.8262232429999],[-72.05787078599991,-38.82723607899993],[-72.0542559779999,-38.82437011799993],[-72.0487288569999,-38.82318094699991],[-72.04746407099992,-38.821338142999934],[-72.04476767599994,-38.82134197999994],[-72.0437176829999,-38.819477546999906],[-72.03911845099992,-38.81758619499993],[-72.03826375699992,-38.81578973199993],[-72.0346545779999,-38.81538729099992],[-72.03049683099994,-38.81133564299995],[-72.02628585899993,-38.811133852999944],[-72.02503789499991,-38.80926871899993],[-72.01808042699992,-38.8069921039999],[-72.0115163289999,-38.80660803099994],[-72.00747615099993,-38.80852254799993],[-72.00478198299993,-38.80666516699995],[-71.99915336599992,-38.80667826999991],[-71.9906296119999,-38.80449038699993],[-71.96852310299994,-38.79713017899991],[-71.95239833699992,-38.79763376299991],[-71.94953299699995,-38.796712089999914],[-71.93052623699992,-38.80156516099993],[-71.92445228199995,-38.80627007299995],[-71.91632958999992,-38.80806925399992],[-71.91491881299993,-38.81102741099994],[-71.9034410399999,-38.81355675799995],[-71.89621600299995,-38.813602955999954],[-71.89271896699995,-38.81706001099991],[-71.88675324099995,-38.818549644999905],[-71.88002997299992,-38.822369944999934],[-71.87774423499991,-38.816860532999954],[-71.87794427699993,-38.81418215499991],[-71.88117096499991,-38.81090532099995],[-71.88071333499994,-38.80683263699996],[-71.88457000199992,-38.80461999999994],[-71.88465587499991,-38.79856206799991],[-71.8864330259999,-38.79458928199995],[-71.89244000199994,-38.78946999999994],[-71.88906970399995,-38.78540327799993],[-71.88345837399993,-38.78285065999995],[-71.87721000199991,-38.78528999999992],[-71.87333172199993,-38.77897546299994],[-71.87137925399992,-38.777778894999926],[-71.85813541599993,-38.77834683099991],[-71.84597476999994,-38.77613091999996],[-71.82889075899993,-38.779997641999955],[-71.82782485199994,-38.778841593999914],[-71.82795168899992,-38.77486135399994],[-71.82447465599995,-38.77042364599993],[-71.8145018269999,-38.76086081299991],[-71.81005166799991,-38.758607938999944],[-71.80965443699995,-38.75293460499995],[-71.80797000199993,-38.750039999999956],[-71.79989257199992,-38.745016783999915],[-71.79844000199995,-38.74216999999993],[-71.79453408099994,-38.73949365099992],[-71.79421000099995,-38.736269999999934],[-71.78847043499991,-38.73431672799995],[-71.7811560749999,-38.72807115499995],[-71.76889971899993,-38.725187794999954],[-71.76106366999994,-38.72605233399992],[-71.72878317899995,-38.72418239299992],[-71.72506562799992,-38.71044708399995],[-71.73043999299995,-38.69692999599994],[-71.72442194699994,-38.69431660799995],[-71.70566218199991,-38.67766076999993],[-71.69197724899993,-38.67080449899993],[-71.68206999999995,-38.668369999999925],[-71.70237999799991,-38.66427999799993],[-71.76824000199991,-38.63790999999992],[-71.80002999899995,-38.63695999999993],[-71.79456146099994,-38.624325865999936],[-71.79921249299991,-38.62010929799993],[-71.80656021699991,-38.62016049999994],[-71.81325202999994,-38.61562532499994],[-71.81548509099991,-38.61261586199993],[-71.81730817599993,-38.599448140999925],[-71.81902481399993,-38.59636369499992],[-71.82602658499991,-38.59438730699992],[-71.83905997999994,-38.59434003299992],[-71.83872310499993,-38.58902178099993],[-71.83643772899995,-38.58782782299994],[-71.83474947099995,-38.584366177999925],[-71.83587704799993,-38.58020971299993],[-71.8341658459999,-38.576708399999916],[-71.83880000199991,-38.57454999999993],[-71.83812015899991,-38.57102778199993],[-71.8396289659999,-38.56950698599991],[-71.85395058699993,-38.570239870999956],[-71.85829001499991,-38.57271999599993],[-71.86205368599991,-38.57303010599992],[-71.86590981499995,-38.5756804799999],[-71.87106111699995,-38.57649989299995],[-71.87568997799991,-38.57933007899993],[-71.87984215699993,-38.584716156999946],[-71.87768120599992,-38.58649841999994],[-71.87768752399995,-38.588355571999955],[-71.88307679999991,-38.59473473899993],[-71.88587624299993,-38.602707075999945],[-71.88978418799991,-38.60279549799992],[-71.89016890999994,-38.60402194799991],[-71.89541852499991,-38.60572002999993],[-71.9029204119999,-38.60537846299991],[-71.9074149569999,-38.60700645499992],[-71.91875348499991,-38.60816620599991],[-71.92995927999993,-38.60672676099995],[-71.93063264099993,-38.608167874999936],[-71.93385901599993,-38.60875704499995],[-71.94801708799992,-38.60695630999993],[-71.94954741799995,-38.6084196889999],[-71.9558876399999,-38.60977414999991],[-71.96441434699994,-38.60965801499992],[-71.9651907569999,-38.61125927599994],[-71.96807472599994,-38.610532289999924],[-71.9693136169999,-38.61229867399993],[-71.98567867299994,-38.61516775699994],[-71.99247119499995,-38.61792382699991],[-72.00611933699992,-38.62071563899991],[-72.01025672799994,-38.61922238799991],[-72.01417996899994,-38.615223458999935],[-72.0146957259999,-38.61180411499993],[-72.01847742099994,-38.60893657799994],[-72.0237130559999,-38.60897537999995],[-72.03307819899993,-38.602722231999905],[-72.03671064299994,-38.60324228999991],[-72.04005614399995,-38.601457603999904],[-72.04354238699995,-38.60209537399993],[-72.04513635899991,-38.600113079999915],[-72.04862505699992,-38.60186340899992],[-72.05347283599991,-38.59993605599993],[-72.05763894599994,-38.60223473699995],[-72.06589850899991,-38.60315853599991],[-72.07877431999992,-38.59872849699991],[-72.08596816499994,-38.60038102999994],[-72.09299437399994,-38.59791166899993],[-72.0949935459999,-38.59381703299994],[-72.0988551559999,-38.59116053099996],[-72.1012154199999,-38.591165006999915],[-72.10288209399994,-38.58704396199994],[-72.10745328799993,-38.58971129099996],[-72.10752485099994,-38.59268166399994],[-72.11003207499994,-38.59281572999993],[-72.11104058799992,-38.59521913799995],[-72.11352109799992,-38.59578942699994],[-72.11468831899992,-38.594701063999935],[-72.11966366799993,-38.59733284999993],[-72.12364549999995,-38.59680470799992],[-72.12548022499993,-38.6002373739999],[-72.12933229399994,-38.598935541999936],[-72.13045118799994,-38.602242444999945],[-72.14178107999993,-38.59954681599993],[-72.14656425499993,-38.596686001999956],[-72.15632440599995,-38.59563990499993],[-72.15719483799995,-38.594710566999936],[-72.15479724799991,-38.59230528099994],[-72.15528550399995,-38.589934144999916],[-72.15059250099995,-38.58988295699993],[-72.14504711199993,-38.586918726999954],[-72.14621759099992,-38.58109562899995],[-72.13772642999993,-38.576374367999904],[-72.13517938899992,-38.572203019999904],[-72.15698129499992,-38.56701688399994],[-72.16017220299995,-38.575295671999925],[-72.19920303899994,-38.567057717999944],[-72.21030244099995,-38.562617953999904],[-72.2179512429999,-38.56176401399995],[-72.2240874439999,-38.55617514599993]]]}},{"type":"Feature","properties":{"cut":9121,"comuna":"CHOLCHOL"},"geometry":{"type":"Polygon","coordinates":[[[-72.9615577969999,-38.4674787159999],[-72.97582250699992,-38.45922398899995],[-72.9768773589999,-38.45742160799995],[-72.97983740799992,-38.45734736999992],[-72.98720070599995,-38.45990472099993],[-72.98929445999994,-38.46503345199994],[-72.9878632139999,-38.46759969999994],[-72.98977986999995,-38.46975549199993],[-72.99139733399994,-38.47501201299991],[-72.99767273799995,-38.479323077999936],[-73.00548737699995,-38.479032945999904],[-73.01074584699995,-38.48055061899993],[-73.0171513759999,-38.47703686999995],[-73.01788440699994,-38.47868025899993],[-73.02248608899993,-38.47946992799996],[-73.02695268199994,-38.476783420999936],[-73.0339996969999,-38.47772645099991],[-73.04040763699993,-38.47476112299995],[-73.05006009999994,-38.47733268799993],[-73.05660874199992,-38.47625210499996],[-73.05905927999993,-38.47741461599992],[-73.0587116669999,-38.48268027799992],[-73.0611009399999,-38.48437337999991],[-73.06263818799994,-38.487651788999926],[-73.05657075499994,-38.49228199599992],[-73.03758139199994,-38.498619601999906],[-73.00814462599993,-38.506109453999954],[-73.0360847789999,-38.575655953999956],[-73.04661636299994,-38.598014829999954],[-73.0374264909999,-38.600047306999954],[-73.03704686799995,-38.60228081699995],[-73.04119909299993,-38.61060429899993],[-73.04412159999993,-38.61259502599995],[-73.04331113699993,-38.61407726099992],[-73.04469102999991,-38.61478064999994],[-73.04527986099993,-38.61857952399993],[-73.04697355799993,-38.620711832999916],[-73.04602410399991,-38.62175924699994],[-73.0473593559999,-38.6230295389999],[-73.04681661299992,-38.626575224999954],[-73.04491503699995,-38.628998887999956],[-73.03954850899993,-38.62912531499995],[-73.03597132699991,-38.631453147999935],[-73.03652815299995,-38.63451713999996],[-73.03335085499992,-38.635126043999946],[-73.03215462599991,-38.638408356999946],[-73.02973701799993,-38.63908850999991],[-73.02950932099992,-38.640557979999926],[-73.0318394809999,-38.641345057999956],[-73.03095434099993,-38.64330493499995],[-73.0087140199999,-38.648184500999946],[-73.00727105599992,-38.64545739499994],[-72.99609624499993,-38.64092727099995],[-72.99296432499995,-38.64107179699994],[-72.99186719199992,-38.639886077999904],[-72.9866844849999,-38.642495665999945],[-72.9805248749999,-38.63916814499993],[-72.9790105109999,-38.635794517999955],[-72.96953996699995,-38.63480149499992],[-72.96328327799995,-38.63071899899995],[-72.9630026239999,-38.62651080999996],[-72.93717651999992,-38.634338115999924],[-72.93049010099992,-38.63992107099995],[-72.92330144099992,-38.6416996879999],[-72.91554920999994,-38.64571001799993],[-72.91428157399992,-38.64874853899994],[-72.90991622599995,-38.6529237389999],[-72.9078631459999,-38.65936880299995],[-72.90372360999993,-38.65732465199994],[-72.89822718499994,-38.656599231999905],[-72.8906886819999,-38.64890022299994],[-72.89001941099991,-38.668581556999925],[-72.88238035599994,-38.671800323999946],[-72.87656515099991,-38.67969638099993],[-72.87451712899991,-38.68715176899991],[-72.87160909399995,-38.68742129599991],[-72.86057317299992,-38.695337036999945],[-72.85535035799995,-38.6972450639999],[-72.85039932599994,-38.70226568999993],[-72.83753992499993,-38.70992072799993],[-72.8289207549999,-38.70845237799995],[-72.81947858899991,-38.713469923999924],[-72.81617230699993,-38.71400914199995],[-72.8115743859999,-38.713324164999904],[-72.80843928399992,-38.71025484199993],[-72.80044779399992,-38.7085587439999],[-72.79335344799995,-38.699803827999915],[-72.7917836929999,-38.69038369899994],[-72.78799720299992,-38.685541041999954],[-72.78878944399992,-38.683296964999954],[-72.78373172599993,-38.682043688999954],[-72.78152445299992,-38.67853733699991],[-72.7789658239999,-38.677038084999936],[-72.77809914199992,-38.6743995999999],[-72.77468369899992,-38.67512754699993],[-72.7717217249999,-38.67265184599995],[-72.76952857299995,-38.667167767999956],[-72.76245605899993,-38.66091909399995],[-72.76324123899991,-38.65324281799991],[-72.75628985399993,-38.65330907999993],[-72.75915864899991,-38.64165484799992],[-72.76907711299992,-38.632252931999915],[-72.76859132099992,-38.62770692399994],[-72.76980818099992,-38.6231663609999],[-72.76481678399995,-38.61369122399992],[-72.76259078299995,-38.61189613399995],[-72.7618892349999,-38.60966614799992],[-72.76304374599994,-38.608174481999924],[-72.76045155499992,-38.603714271999934],[-72.76136403099991,-38.597100058999956],[-72.75875457299992,-38.592702551999935],[-72.76437163399993,-38.58870127199992],[-72.7659931259999,-38.58923683499995],[-72.76964311899991,-38.58766207499991],[-72.77008082099991,-38.58923823899994],[-72.77232155199994,-38.58921785599995],[-72.77222463499993,-38.5869453759999],[-72.77485979399995,-38.58586021199994],[-72.77721394399993,-38.58676546299995],[-72.77783242999993,-38.589813739999954],[-72.77973900399991,-38.590183330999935],[-72.78137730799995,-38.58710129699995],[-72.78504061899991,-38.586269666999954],[-72.78312980699991,-38.58981964599991],[-72.78546406399994,-38.59044502799992],[-72.78965095899991,-38.58873563199995],[-72.79085957699994,-38.594016085999954],[-72.79502619699991,-38.59079774799994],[-72.79603093999992,-38.58365245299996],[-72.79255391899994,-38.57851042999994],[-72.79542829799993,-38.570825863999914],[-72.79241070099994,-38.56077536299995],[-72.79443399299993,-38.55508455599994],[-72.79076365499992,-38.54639080399994],[-72.79209495299995,-38.54301910299995],[-72.79623521299993,-38.54044928099995],[-72.79650419099994,-38.53772222799995],[-72.8052517779999,-38.528519728999925],[-72.8053229759999,-38.525081239999906],[-72.80352438299991,-38.523892711999906],[-72.8116487559999,-38.513975511999945],[-72.8210390289999,-38.51501874399992],[-72.8293037169999,-38.51821339299994],[-72.83597556799992,-38.516980830999955],[-72.84617426799991,-38.52098867299992],[-72.84975177699994,-38.51834744899992],[-72.8497798919999,-38.51598769499992],[-72.85193455299992,-38.514814032999936],[-72.85211595299995,-38.51268243699991],[-72.87374777399992,-38.506174803999954],[-72.87082950399991,-38.50360112299995],[-72.87228680699991,-38.499632307999946],[-72.87020149599994,-38.4964552159999],[-72.87504506999994,-38.49322298499993],[-72.87412973099993,-38.48552685699991],[-72.8774555039999,-38.487841318999926],[-72.88208628899991,-38.484991178999906],[-72.8835734509999,-38.48523507099992],[-72.88429323999992,-38.48950620599993],[-72.88155685999993,-38.49522880899991],[-72.88194352199991,-38.49684089199991],[-72.88442290499995,-38.49816781399994],[-72.88998485499991,-38.48945777699993],[-72.90335768799991,-38.48776427699994],[-72.90928088499993,-38.4906538699999],[-72.91250255099993,-38.48966875799994],[-72.91521632599995,-38.49189015199994],[-72.92157758099995,-38.49193822299992],[-72.92228738799992,-38.490361048999944],[-72.91990996099992,-38.490757069999916],[-72.91783072399994,-38.488931377999904],[-72.92179965199995,-38.48460195999991],[-72.92853406899991,-38.48154282199994],[-72.93214576799994,-38.48357785399992],[-72.93828062299991,-38.48031524599992],[-72.9429348779999,-38.48226146099995],[-72.94967036799994,-38.47217104099991],[-72.95626639799991,-38.46824111099994],[-72.9615577969999,-38.4674787159999]]]}}]}